DF,Race_Event,Columna,Tipos_distintos,Nulos,Strings_vacios,Ejemplos,Ejemplos_por_tipo
athletes_df,GLOBAL,athlete_id,"['str', 'int']",0,0,"['200', '201', '202', '203', '204', '205', '206', '207', '208', '209']","{'str': ['200', '201', '202'], 'int': [1, 2, 3]}"
athletes_df,GLOBAL,birthdate,['Timestamp'],36,0,"[Timestamp('1991-03-03 00:00:00'), Timestamp('1996-01-23 00:00:00'), Timestamp('1997-04-21 00:00:00'), Timestamp('1991-11-30 00:00:00'), Timestamp('1993-11-16 00:00:00'), Timestamp('1993-02-06 00:00:00'), Timestamp('1994-11-17 00:00:00'), Timestamp('2000-02-15 00:00:00'), Timestamp('2002-08-20 00:00:00'), Timestamp('1983-11-17 00:00:00')]","{'Timestamp': [Timestamp('1991-03-03 00:00:00'), Timestamp('1996-01-23 00:00:00'), Timestamp('1997-04-21 00:00:00')]}"
athletes_df,GLOBAL,category,['str'],37866,0,"['M40', 'SENIOR M', 'M35', 'M45', 'M55', 'SUB23 M', 'W35', 'SENIOR W', 'W40', 'W45']","{'str': ['M40', 'SENIOR M', 'M35']}"
athletes_df,GLOBAL,club,"['str', 'int']",24257,87,"['MARRUECOS', 'NINGUNO', 'SICILIA RUNNING TEAM', 'CLERMONT ATHLE', 'CLUBE DESPORTIVO AREIAS SÃO JOÃO', 'SPARTA', 'GOWANUS DREDGERS ATHLETIC CLUB', 'ASICS RUNNING', 'ASICS', 'TROTASIERRA']","{'str': ['MARRUECOS', 'NINGUNO', 'SICILIA RUNNING TEAM'], 'int': [34648824665]}"
athletes_df,GLOBAL,distance,['float'],37838,0,"[42197.0, 0.0, 35000.0, 15000.0, 30000.0, 25000.0, 21097.0, 13000.0, 10000.0, 42195.0]","{'float': [42197.0, 0.0, 35000.0]}"
athletes_df,GLOBAL,dorsal,"['str', 'int']",37838,0,"[1, 2, 3, 4, 5, 6, 7, 8, 9, 10]","{'str': ['253', '3250', '2662'], 'int': [1, 2, 3]}"
athletes_df,GLOBAL,fullName,['str'],11592,0,"['EL MAHJOUB DAZZA', 'LUIS MASABANDA', 'RICCARDO MUGNOSSO', 'BRICE MORISSEAU', 'JOÃO FERNANDES', 'HENRIK HOLM', 'RYAN ARCHER', 'DIEGO MENENDEZ RODRIGUEZ NORIEGA', 'MIGUEL BENITEZ BERMEJO', 'RUBEN ALVAREZ MIGUEL']","{'str': ['EL MAHJOUB DAZZA', 'LUIS MASABANDA', 'RICCARDO MUGNOSSO']}"
athletes_df,GLOBAL,gender,['str'],28,0,"['male', 'female']","{'str': ['male', 'female']}"
athletes_df,GLOBAL,last_split_seen,['str'],37838,0,"['Meta', 'notstarted', '35K', '15K', '30K', '25K', 'Media', 'Asics', '10K', '5K']","{'str': ['Meta', 'notstarted', '35K']}"
athletes_df,GLOBAL,maxConsecutiveSplitsMissing,['float'],37838,0,"[0.0, 4.0, 6.0, 8.0, 2.0, 3.0, 1.0, 7.0, 5.0, 9.0]","{'float': [0.0, 4.0, 6.0]}"
athletes_df,GLOBAL,name,['str'],0,10,"['EL MAHJOUB', 'LUIS', 'RICCARDO', 'BRICE', 'JOÃO', 'HENRIK', 'RYAN', 'DIEGO', 'MIGUEL', 'RUBEN']","{'str': ['EL MAHJOUB', 'LUIS', 'RICCARDO']}"
athletes_df,GLOBAL,nationality,['str'],115,3,"['MAR', 'ECU', 'ITA', 'FRA', 'POR', 'DEN', 'USA', 'ESP', 'IRL', 'CHI']","{'str': ['MAR', 'ECU', 'ITA']}"
athletes_df,GLOBAL,race_id,['str'],0,0,"['af5c5746-04e8-42ab-9610-b12f0d9125b1', '609139b1-d6bd-4553-ac89-2f648787a60d', '72a81045-fb27-43e6-a201-b1d42be42fac', '8bbfdd2e-da3d-4934-a1c5-8fbd303d4974']","{'str': ['af5c5746-04e8-42ab-9610-b12f0d9125b1', '609139b1-d6bd-4553-ac89-2f648787a60d', '72a81045-fb27-43e6-a201-b1d42be42fac']}"
athletes_df,GLOBAL,realStatus,['str'],37838,0,"['finished', 'notstarted', 'running']","{'str': ['finished', 'notstarted', 'running']}"
athletes_df,GLOBAL,splitsMissing,['float'],37838,0,"[0.0, 4.0, 6.0, 8.0, 2.0, 3.0, 5.0, 7.0, 1.0, 9.0]","{'float': [0.0, 4.0, 6.0]}"
athletes_df,GLOBAL,splitsSeen,['float'],37838,0,"[12.0, 0.0, 10.0, 5.0, 9.0, 8.0, 7.0, 4.0, 1.0, 3.0]","{'float': [12.0, 0.0, 10.0]}"
athletes_df,GLOBAL,startNetTime,['float'],40730,0,"[1650.0, 3230.0, 1640.0, 910.0, 590.0, 1100.0, 3030.0, 690.0, 1380.0, 3540.0]","{'float': [1650.0, 3230.0, 1640.0]}"
athletes_df,GLOBAL,startRawTime,['Timestamp'],40730,0,"[Timestamp('2022-02-20 07:30:10.650000'), Timestamp('2022-02-20 07:30:12.230000'), Timestamp('2022-02-20 07:30:10.640000'), Timestamp('2022-02-20 07:30:09.910000'), Timestamp('2022-02-20 07:30:09.590000'), Timestamp('2022-02-20 07:30:10.100000'), Timestamp('2022-02-20 07:30:12.030000'), Timestamp('2022-02-20 07:30:09.690000'), Timestamp('2022-02-20 07:30:10.380000'), Timestamp('2022-02-20 07:30:12.540000')]","{'Timestamp': [Timestamp('2022-02-20 07:30:10.650000'), Timestamp('2022-02-20 07:30:12.230000'), Timestamp('2022-02-20 07:30:10.640000')]}"
athletes_df,GLOBAL,startTime,['float'],40730,0,"[1650.0, 3230.0, 1640.0, 910.0, 590.0, 1100.0, 3030.0, 690.0, 1380.0, 3540.0]","{'float': [1650.0, 3230.0, 1640.0]}"
athletes_df,GLOBAL,status,['str'],37838,0,"['finished', 'notstarted', 'retired', 'disqualified', 'running', 'quarantine']","{'str': ['finished', 'notstarted', 'retired']}"
athletes_df,GLOBAL,surname,['str'],31,0,"['DAZZA', 'MASABANDA', 'MUGNOSSO', 'MORISSEAU', 'FERNANDES', 'HOLM', 'ARCHER', 'MENENDEZ RODRIGUEZ NORIEGA', 'BENITEZ BERMEJO', 'ALVAREZ MIGUEL']","{'str': ['DAZZA', 'MASABANDA', 'MUGNOSSO']}"
athletes_df,GLOBAL,team,['str'],37838,11590,"['', 'Los Lentos', 'LA RIVATIERE']","{'str': ['', 'Los Lentos', 'LA RIVATIERE']}"
athletes_df,GLOBAL,startNetTime_td,['Timedelta'],40730,0,"[Timedelta('0 days 00:00:01.650000'), Timedelta('0 days 00:00:03.230000'), Timedelta('0 days 00:00:01.640000'), Timedelta('0 days 00:00:00.910000'), Timedelta('0 days 00:00:00.590000'), Timedelta('0 days 00:00:01.100000'), Timedelta('0 days 00:00:03.030000'), Timedelta('0 days 00:00:00.690000'), Timedelta('0 days 00:00:01.380000'), Timedelta('0 days 00:00:03.540000')]","{'Timedelta': [Timedelta('0 days 00:00:01.650000'), Timedelta('0 days 00:00:03.230000'), Timedelta('0 days 00:00:01.640000')]}"
athletes_df,GLOBAL,startTime_td,['Timedelta'],40730,0,"[Timedelta('0 days 00:00:01.650000'), Timedelta('0 days 00:00:03.230000'), Timedelta('0 days 00:00:01.640000'), Timedelta('0 days 00:00:00.910000'), Timedelta('0 days 00:00:00.590000'), Timedelta('0 days 00:00:01.100000'), Timedelta('0 days 00:00:03.030000'), Timedelta('0 days 00:00:00.690000'), Timedelta('0 days 00:00:01.380000'), Timedelta('0 days 00:00:03.540000')]","{'Timedelta': [Timedelta('0 days 00:00:01.650000'), Timedelta('0 days 00:00:03.230000'), Timedelta('0 days 00:00:01.640000')]}"
athletes_events_df,609139b1-d6bd-4553-ac89-2f648787a60d-Maratón,athlete_id,"['str', 'int']",0,0,"[1, 2, 3, 4, 5, 6, 7, 8, 9, 10]","{'str': ['3f78cb40-26d0-524f-8597-c0728734e8fb', '4bd8b912-72db-5244-82fd-0198a74b6918', '6b6ad7e3-6149-5a79-badb-5b8479a77b56'], 'int': [1, 2, 3]}"
athletes_events_df,609139b1-d6bd-4553-ac89-2f648787a60d-Maratón,auto_category,['bool'],0,0,"[True, False]","{'bool': [True, False]}"
athletes_events_df,609139b1-d6bd-4553-ac89-2f648787a60d-Maratón,auto_chip,['bool'],0,0,"[True, False]","{'bool': [True, False]}"
athletes_events_df,609139b1-d6bd-4553-ac89-2f648787a60d-Maratón,category,['str'],0,9,"['SENIOR M', 'M40', 'M35', 'M45', 'JUNIOR M', 'M60', 'SENIOR W', 'W40', 'PROMESA F', 'W35']","{'str': ['SENIOR M', 'M40', 'M35']}"
athletes_events_df,609139b1-d6bd-4553-ac89-2f648787a60d-Maratón,distance,['int'],0,0,"[42197, 20000, 0, 35000, 40000, 25000, 30000, 21097, 15000, 33000]","{'int': [42197, 20000, 0]}"
athletes_events_df,609139b1-d6bd-4553-ac89-2f648787a60d-Maratón,dorsal,"['str', 'int']",0,0,"[1, 2, 3, 4, 5, 6, 7, 8, 9, 10]","{'str': ['185', '186', '2147'], 'int': [1, 2, 3]}"
athletes_events_df,609139b1-d6bd-4553-ac89-2f648787a60d-Maratón,event_id,['str'],0,0,['Maratón'],{'str': ['Maratón']}
athletes_events_df,609139b1-d6bd-4553-ac89-2f648787a60d-Maratón,gunTime,['Timestamp'],0,0,"[Timestamp('2024-02-18 07:30:17+0000', tz='UTC')]","{'Timestamp': [Timestamp('2024-02-18 07:30:17+0000', tz='UTC')]}"
athletes_events_df,609139b1-d6bd-4553-ac89-2f648787a60d-Maratón,gunTimeMode,['str'],0,0,['wave'],{'str': ['wave']}
athletes_events_df,609139b1-d6bd-4553-ac89-2f648787a60d-Maratón,gunTimeModeConfig_wave,['str'],0,0,['Maratón'],{'str': ['Maratón']}
athletes_events_df,609139b1-d6bd-4553-ac89-2f648787a60d-Maratón,last_split_seen,['str'],0,0,"['Meta', '20K', 'notstarted', '35K', 'Salida', '40K', '25K', '30K', 'Media', '15K']","{'str': ['Meta', '20K', 'notstarted']}"
athletes_events_df,609139b1-d6bd-4553-ac89-2f648787a60d-Maratón,maxConsecutiveSplitsMissing,['int'],0,0,"[2, 0, 4, 6, 5, 7, 14, 11, 8, 3]","{'int': [2, 0, 4]}"
athletes_events_df,609139b1-d6bd-4553-ac89-2f648787a60d-Maratón,race_id,['str'],0,0,['609139b1-d6bd-4553-ac89-2f648787a60d'],{'str': ['609139b1-d6bd-4553-ac89-2f648787a60d']}
athletes_events_df,609139b1-d6bd-4553-ac89-2f648787a60d-Maratón,realStatus,['str'],0,0,"['finished', 'running', 'notstarted']","{'str': ['finished', 'running', 'notstarted']}"
athletes_events_df,609139b1-d6bd-4553-ac89-2f648787a60d-Maratón,splitsMissing,['int'],0,0,"[3, 2, 0, 6, 8, 7, 4, 13, 14, 11]","{'int': [3, 2, 0]}"
athletes_events_df,609139b1-d6bd-4553-ac89-2f648787a60d-Maratón,splitsSeen,['int'],0,0,"[13, 14, 6, 0, 11, 1, 12, 8, 9, 7]","{'int': [13, 14, 6]}"
athletes_events_df,609139b1-d6bd-4553-ac89-2f648787a60d-Maratón,startNetTime,['float'],2187,0,"[0.0, 2047.0, 740.0, 2453.0, 1952.0, 2726.0, 1650.0, 2374.0, 2170.0, 2283.0]","{'float': [0.0, 2047.0, 740.0]}"
athletes_events_df,609139b1-d6bd-4553-ac89-2f648787a60d-Maratón,startRawTime,['Timestamp'],2187,0,"[Timestamp('2024-02-18 07:30:17'), Timestamp('2024-02-18 07:30:19.047000'), Timestamp('2024-02-18 07:30:17.740000'), Timestamp('2024-02-18 07:30:19.453000'), Timestamp('2024-02-18 07:30:18.952000'), Timestamp('2024-02-18 07:30:19.726000'), Timestamp('2024-02-18 07:30:18.650000'), Timestamp('2024-02-18 07:30:19.374000'), Timestamp('2024-02-18 07:30:19.170000'), Timestamp('2024-02-18 07:30:19.283000')]","{'Timestamp': [Timestamp('2024-02-18 07:30:17'), Timestamp('2024-02-18 07:30:19.047000'), Timestamp('2024-02-18 07:30:17.740000')]}"
athletes_events_df,609139b1-d6bd-4553-ac89-2f648787a60d-Maratón,startTime,['float'],2187,0,"[0.0, 2047.0, 740.0, 2453.0, 1952.0, 2726.0, 1650.0, 2374.0, 2170.0, 2283.0]","{'float': [0.0, 2047.0, 740.0]}"
athletes_events_df,609139b1-d6bd-4553-ac89-2f648787a60d-Maratón,status,['str'],0,0,"['finished', 'retired', 'notstarted', 'disqualified', 'quarantine']","{'str': ['finished', 'retired', 'notstarted']}"
athletes_events_df,609139b1-d6bd-4553-ac89-2f648787a60d-Maratón,team,['str'],6310,148,"['Asics Running', 'C.A.Carnicas Serrano', 'Real Sociedad', 'ATLETISMO ALBACETE', '', 'VICKY FOODS ATHLETICS', 'AGF ATLETIK', 'GONDI', 'AK SKOPSKI MARATON', 'HÄSSELBY SK']","{'str': ['Asics Running', 'C.A.Carnicas Serrano', 'Real Sociedad']}"
athletes_events_df,609139b1-d6bd-4553-ac89-2f648787a60d-Maratón,event_std,['str'],0,0,['maraton'],{'str': ['maraton']}
athletes_events_df,609139b1-d6bd-4553-ac89-2f648787a60d-Maratón,startNetTime_td,['Timedelta'],2187,0,"[Timedelta('0 days 00:00:00'), Timedelta('0 days 00:00:02.047000'), Timedelta('0 days 00:00:00.740000'), Timedelta('0 days 00:00:02.453000'), Timedelta('0 days 00:00:01.952000'), Timedelta('0 days 00:00:02.726000'), Timedelta('0 days 00:00:01.650000'), Timedelta('0 days 00:00:02.374000'), Timedelta('0 days 00:00:02.170000'), Timedelta('0 days 00:00:02.283000')]","{'Timedelta': [Timedelta('0 days 00:00:00'), Timedelta('0 days 00:00:02.047000'), Timedelta('0 days 00:00:00.740000')]}"
athletes_events_df,609139b1-d6bd-4553-ac89-2f648787a60d-Maratón,startTime_td,['Timedelta'],2187,0,"[Timedelta('0 days 00:00:00'), Timedelta('0 days 00:00:02.047000'), Timedelta('0 days 00:00:00.740000'), Timedelta('0 days 00:00:02.453000'), Timedelta('0 days 00:00:01.952000'), Timedelta('0 days 00:00:02.726000'), Timedelta('0 days 00:00:01.650000'), Timedelta('0 days 00:00:02.374000'), Timedelta('0 days 00:00:02.170000'), Timedelta('0 days 00:00:02.283000')]","{'Timedelta': [Timedelta('0 days 00:00:00'), Timedelta('0 days 00:00:02.047000'), Timedelta('0 days 00:00:00.740000')]}"
athletes_events_df,609139b1-d6bd-4553-ac89-2f648787a60d-Maratón Silla de Ruedas,athlete_id,['int'],0,0,"[471, 472, 473, 474, 475, 476, 477, 478, 479, 480]","{'int': [471, 472, 473]}"
athletes_events_df,609139b1-d6bd-4553-ac89-2f648787a60d-Maratón Silla de Ruedas,auto_category,['bool'],0,0,[False],{'bool': [False]}
athletes_events_df,609139b1-d6bd-4553-ac89-2f648787a60d-Maratón Silla de Ruedas,auto_chip,['bool'],0,0,[True],{'bool': [True]}
athletes_events_df,609139b1-d6bd-4553-ac89-2f648787a60d-Maratón Silla de Ruedas,category,['str'],0,0,['Femenino'],{'str': ['Femenino']}
athletes_events_df,609139b1-d6bd-4553-ac89-2f648787a60d-Maratón Silla de Ruedas,distance,['int'],0,0,"[0, 42195, 10000]","{'int': [0, 42195, 10000]}"
athletes_events_df,609139b1-d6bd-4553-ac89-2f648787a60d-Maratón Silla de Ruedas,dorsal,['int'],0,0,"[471, 472, 473, 474, 475, 476, 477, 478, 479, 480]","{'int': [471, 472, 473]}"
athletes_events_df,609139b1-d6bd-4553-ac89-2f648787a60d-Maratón Silla de Ruedas,event_id,['str'],0,0,['Maratón Silla de Ruedas'],{'str': ['Maratón Silla de Ruedas']}
athletes_events_df,609139b1-d6bd-4553-ac89-2f648787a60d-Maratón Silla de Ruedas,gunTime,['Timestamp'],0,0,"[Timestamp('2024-02-18 07:29:22.058000+0000', tz='UTC')]","{'Timestamp': [Timestamp('2024-02-18 07:29:22.058000+0000', tz='UTC')]}"
athletes_events_df,609139b1-d6bd-4553-ac89-2f648787a60d-Maratón Silla de Ruedas,gunTimeMode,['str'],0,0,['wave'],{'str': ['wave']}
athletes_events_df,609139b1-d6bd-4553-ac89-2f648787a60d-Maratón Silla de Ruedas,gunTimeModeConfig_wave,['str'],0,0,['Maratón Silla de Ruedas'],{'str': ['Maratón Silla de Ruedas']}
athletes_events_df,609139b1-d6bd-4553-ac89-2f648787a60d-Maratón Silla de Ruedas,last_split_seen,['str'],0,0,"['notstarted', 'Meta', '10K']","{'str': ['notstarted', 'Meta', '10K']}"
athletes_events_df,609139b1-d6bd-4553-ac89-2f648787a60d-Maratón Silla de Ruedas,maxConsecutiveSplitsMissing,['int'],0,0,"[0, 1]","{'int': [0, 1]}"
athletes_events_df,609139b1-d6bd-4553-ac89-2f648787a60d-Maratón Silla de Ruedas,race_id,['str'],0,0,['609139b1-d6bd-4553-ac89-2f648787a60d'],{'str': ['609139b1-d6bd-4553-ac89-2f648787a60d']}
athletes_events_df,609139b1-d6bd-4553-ac89-2f648787a60d-Maratón Silla de Ruedas,realStatus,['str'],0,0,"['notstarted', 'finished', 'running']","{'str': ['notstarted', 'finished', 'running']}"
athletes_events_df,609139b1-d6bd-4553-ac89-2f648787a60d-Maratón Silla de Ruedas,splitsMissing,['int'],0,0,"[0, 1]","{'int': [0, 1]}"
athletes_events_df,609139b1-d6bd-4553-ac89-2f648787a60d-Maratón Silla de Ruedas,splitsSeen,['int'],0,0,"[0, 13, 3, 12]","{'int': [0, 13, 3]}"
athletes_events_df,609139b1-d6bd-4553-ac89-2f648787a60d-Maratón Silla de Ruedas,startNetTime,['float'],2,0,"[2359.0, 1791.0, 4689.0, 4309.0, 1042.0, 2302.0, 2942.0, 2363.0, 98872.0, 1603.0]","{'float': [2359.0, 1791.0, 4689.0]}"
athletes_events_df,609139b1-d6bd-4553-ac89-2f648787a60d-Maratón Silla de Ruedas,startRawTime,['Timestamp'],2,0,"[Timestamp('2024-02-18 07:29:24.417000'), Timestamp('2024-02-18 07:29:23.849000'), Timestamp('2024-02-18 07:29:26.747000'), Timestamp('2024-02-18 07:29:26.367000'), Timestamp('2024-02-18 07:29:23.100000'), Timestamp('2024-02-18 07:29:24.360000'), Timestamp('2024-02-18 07:29:25'), Timestamp('2024-02-18 07:29:24.421000'), Timestamp('2024-02-18 07:31:00.930000'), Timestamp('2024-02-18 07:29:23.661000')]","{'Timestamp': [Timestamp('2024-02-18 07:29:24.417000'), Timestamp('2024-02-18 07:29:23.849000'), Timestamp('2024-02-18 07:29:26.747000')]}"
athletes_events_df,609139b1-d6bd-4553-ac89-2f648787a60d-Maratón Silla de Ruedas,startTime,['float'],2,0,"[2359.0, 1791.0, 4689.0, 4309.0, 1042.0, 2302.0, 2942.0, 2363.0, 98872.0, 1603.0]","{'float': [2359.0, 1791.0, 4689.0]}"
athletes_events_df,609139b1-d6bd-4553-ac89-2f648787a60d-Maratón Silla de Ruedas,status,['str'],0,0,"['notstarted', 'finished', 'retired']","{'str': ['notstarted', 'finished', 'retired']}"
athletes_events_df,609139b1-d6bd-4553-ac89-2f648787a60d-Maratón Silla de Ruedas,team,[],12,0,[],{}
athletes_events_df,609139b1-d6bd-4553-ac89-2f648787a60d-Maratón Silla de Ruedas,event_std,['str'],0,0,['maraton'],{'str': ['maraton']}
athletes_events_df,609139b1-d6bd-4553-ac89-2f648787a60d-Maratón Silla de Ruedas,startNetTime_td,['Timedelta'],2,0,"[Timedelta('0 days 00:00:02.359000'), Timedelta('0 days 00:00:01.791000'), Timedelta('0 days 00:00:04.689000'), Timedelta('0 days 00:00:04.309000'), Timedelta('0 days 00:00:01.042000'), Timedelta('0 days 00:00:02.302000'), Timedelta('0 days 00:00:02.942000'), Timedelta('0 days 00:00:02.363000'), Timedelta('0 days 00:01:38.872000'), Timedelta('0 days 00:00:01.603000')]","{'Timedelta': [Timedelta('0 days 00:00:02.359000'), Timedelta('0 days 00:00:01.791000'), Timedelta('0 days 00:00:04.689000')]}"
athletes_events_df,609139b1-d6bd-4553-ac89-2f648787a60d-Maratón Silla de Ruedas,startTime_td,['Timedelta'],2,0,"[Timedelta('0 days 00:00:02.359000'), Timedelta('0 days 00:00:01.791000'), Timedelta('0 days 00:00:04.689000'), Timedelta('0 days 00:00:04.309000'), Timedelta('0 days 00:00:01.042000'), Timedelta('0 days 00:00:02.302000'), Timedelta('0 days 00:00:02.942000'), Timedelta('0 days 00:00:02.363000'), Timedelta('0 days 00:01:38.872000'), Timedelta('0 days 00:00:01.603000')]","{'Timedelta': [Timedelta('0 days 00:00:02.359000'), Timedelta('0 days 00:00:01.791000'), Timedelta('0 days 00:00:04.689000')]}"
athletes_events_df,72a81045-fb27-43e6-a201-b1d42be42fac-Maratón,athlete_id,['str'],0,0,"['1', '2', '3', '4', '5', '6', '7', '8', '9', '10']","{'str': ['1', '2', '3']}"
athletes_events_df,72a81045-fb27-43e6-a201-b1d42be42fac-Maratón,auto_category,['bool'],11520,0,[True],{'bool': [True]}
athletes_events_df,72a81045-fb27-43e6-a201-b1d42be42fac-Maratón,auto_chip,['bool'],11520,0,[True],{'bool': [True]}
athletes_events_df,72a81045-fb27-43e6-a201-b1d42be42fac-Maratón,category,['str'],0,0,"['M35', 'SENIOR M', 'PROMESA M', 'SENIOR W', 'M60', 'M40', 'M45', 'M50', 'W35', 'W40']","{'str': ['M35', 'SENIOR M', 'PROMESA M']}"
athletes_events_df,72a81045-fb27-43e6-a201-b1d42be42fac-Maratón,distance,['int'],0,0,"[30000, 42197, 0, 40000, 25000, 21097, 35000, 20000, 15000, 10000]","{'int': [30000, 42197, 0]}"
athletes_events_df,72a81045-fb27-43e6-a201-b1d42be42fac-Maratón,dorsal,['str'],0,0,"['1', '2', '3', '4', '5', '6', '7', '8', '9', '10']","{'str': ['1', '2', '3']}"
athletes_events_df,72a81045-fb27-43e6-a201-b1d42be42fac-Maratón,event_id,['str'],0,0,['Maratón'],{'str': ['Maratón']}
athletes_events_df,72a81045-fb27-43e6-a201-b1d42be42fac-Maratón,gunTime,['Timestamp'],0,0,"[Timestamp('2023-02-19 07:30:05.988000+0000', tz='UTC')]","{'Timestamp': [Timestamp('2023-02-19 07:30:05.988000+0000', tz='UTC')]}"
athletes_events_df,72a81045-fb27-43e6-a201-b1d42be42fac-Maratón,gunTimeMode,['str'],0,0,['wave'],{'str': ['wave']}
athletes_events_df,72a81045-fb27-43e6-a201-b1d42be42fac-Maratón,gunTimeModeConfig_wave,['str'],0,0,['Salida'],{'str': ['Salida']}
athletes_events_df,72a81045-fb27-43e6-a201-b1d42be42fac-Maratón,last_split_seen,['str'],0,0,"['30K', 'Meta', 'notstarted', '40K', '25K', 'Media', '35K', '20K', '15K', '10K']","{'str': ['30K', 'Meta', 'notstarted']}"
athletes_events_df,72a81045-fb27-43e6-a201-b1d42be42fac-Maratón,maxConsecutiveSplitsMissing,['int'],0,0,"[0, 11, 1, 2, 7, 6, 10, 9, 4, 8]","{'int': [0, 11, 1]}"
athletes_events_df,72a81045-fb27-43e6-a201-b1d42be42fac-Maratón,race_id,['str'],0,0,['72a81045-fb27-43e6-a201-b1d42be42fac'],{'str': ['72a81045-fb27-43e6-a201-b1d42be42fac']}
athletes_events_df,72a81045-fb27-43e6-a201-b1d42be42fac-Maratón,realStatus,['str'],0,0,"['running', 'finished', 'notstarted']","{'str': ['running', 'finished', 'notstarted']}"
athletes_events_df,72a81045-fb27-43e6-a201-b1d42be42fac-Maratón,splitsMissing,['int'],0,0,"[0, 11, 1, 2, 3, 7, 6, 10, 9, 4]","{'int': [0, 11, 1]}"
athletes_events_df,72a81045-fb27-43e6-a201-b1d42be42fac-Maratón,splitsSeen,['int'],0,0,"[9, 12, 0, 11, 1, 8, 7, 10, 6, 5]","{'int': [9, 12, 0]}"
athletes_events_df,72a81045-fb27-43e6-a201-b1d42be42fac-Maratón,startNetTime,['float'],2532,0,"[1612.0, 952.0, 908.0, 212.0, -30.0, 302.0, 313.0, 382.0, -32088.0, 576.0]","{'float': [1612.0, 952.0, 908.0]}"
athletes_events_df,72a81045-fb27-43e6-a201-b1d42be42fac-Maratón,startRawTime,['Timestamp'],2532,0,"[Timestamp('2023-02-19 07:30:07.600000'), Timestamp('2023-02-19 07:30:06.940000'), Timestamp('2023-02-19 07:30:06.896000'), Timestamp('2023-02-19 07:30:06.200000'), Timestamp('2023-02-19 07:30:05.958000'), Timestamp('2023-02-19 07:30:06.290000'), Timestamp('2023-02-19 07:30:06.301000'), Timestamp('2023-02-19 07:30:06.370000'), Timestamp('2023-02-19 07:29:33.900000'), Timestamp('2023-02-19 07:30:06.564000')]","{'Timestamp': [Timestamp('2023-02-19 07:30:07.600000'), Timestamp('2023-02-19 07:30:06.940000'), Timestamp('2023-02-19 07:30:06.896000')]}"
athletes_events_df,72a81045-fb27-43e6-a201-b1d42be42fac-Maratón,startTime,['float'],2532,0,"[1612.0, 952.0, 908.0, 212.0, 0.0, 302.0, 313.0, 382.0, 576.0, 672.0]","{'float': [1612.0, 952.0, 908.0]}"
athletes_events_df,72a81045-fb27-43e6-a201-b1d42be42fac-Maratón,status,['str'],0,0,"['retired', 'finished', 'notstarted', 'disqualified', 'quarantine']","{'str': ['retired', 'finished', 'notstarted']}"
athletes_events_df,72a81045-fb27-43e6-a201-b1d42be42fac-Maratón,team,['str'],0,5609,"['NIKE', 'LI-NING', 'ASICS', '', 'MACCABI TEL-AVIV', 'EMEK HEFER', 'HAPOEL EMEK HEFER', 'ALY SOUTH TEL-AVIV', 'ADIDAS', 'INDEPENDIENTE']","{'str': ['NIKE', 'LI-NING', 'ASICS']}"
athletes_events_df,72a81045-fb27-43e6-a201-b1d42be42fac-Maratón,event_std,['str'],0,0,['maraton'],{'str': ['maraton']}
athletes_events_df,72a81045-fb27-43e6-a201-b1d42be42fac-Maratón,startNetTime_td,['Timedelta'],2532,0,"[Timedelta('0 days 00:00:01.612000'), Timedelta('0 days 00:00:00.952000'), Timedelta('0 days 00:00:00.908000'), Timedelta('0 days 00:00:00.212000'), Timedelta('-1 days +23:59:59.970000'), Timedelta('0 days 00:00:00.302000'), Timedelta('0 days 00:00:00.313000'), Timedelta('0 days 00:00:00.382000'), Timedelta('-1 days +23:59:27.912000'), Timedelta('0 days 00:00:00.576000')]","{'Timedelta': [Timedelta('0 days 00:00:01.612000'), Timedelta('0 days 00:00:00.952000'), Timedelta('0 days 00:00:00.908000')]}"
athletes_events_df,72a81045-fb27-43e6-a201-b1d42be42fac-Maratón,startTime_td,['Timedelta'],2532,0,"[Timedelta('0 days 00:00:01.612000'), Timedelta('0 days 00:00:00.952000'), Timedelta('0 days 00:00:00.908000'), Timedelta('0 days 00:00:00.212000'), Timedelta('0 days 00:00:00'), Timedelta('0 days 00:00:00.302000'), Timedelta('0 days 00:00:00.313000'), Timedelta('0 days 00:00:00.382000'), Timedelta('0 days 00:00:00.576000'), Timedelta('0 days 00:00:00.672000')]","{'Timedelta': [Timedelta('0 days 00:00:01.612000'), Timedelta('0 days 00:00:00.952000'), Timedelta('0 days 00:00:00.908000')]}"
athletes_events_df,72a81045-fb27-43e6-a201-b1d42be42fac-Maratón Silla de Ruedas,athlete_id,['str'],0,0,"['401', '402', '406', '407', '408', '409', '410', '411', '412', '413']","{'str': ['401', '402', '406']}"
athletes_events_df,72a81045-fb27-43e6-a201-b1d42be42fac-Maratón Silla de Ruedas,auto_category,[],19,0,[],{}
athletes_events_df,72a81045-fb27-43e6-a201-b1d42be42fac-Maratón Silla de Ruedas,auto_chip,[],19,0,[],{}
athletes_events_df,72a81045-fb27-43e6-a201-b1d42be42fac-Maratón Silla de Ruedas,category,['str'],0,0,"['Femenino', 'Masculino']","{'str': ['Femenino', 'Masculino']}"
athletes_events_df,72a81045-fb27-43e6-a201-b1d42be42fac-Maratón Silla de Ruedas,distance,['int'],0,0,"[42195, 0]","{'int': [42195, 0]}"
athletes_events_df,72a81045-fb27-43e6-a201-b1d42be42fac-Maratón Silla de Ruedas,dorsal,['str'],0,0,"['401', '402', '406', '407', '408', '409', '410', '411', '412', '413']","{'str': ['401', '402', '406']}"
athletes_events_df,72a81045-fb27-43e6-a201-b1d42be42fac-Maratón Silla de Ruedas,event_id,['str'],0,0,['Maratón Silla de Ruedas'],{'str': ['Maratón Silla de Ruedas']}
athletes_events_df,72a81045-fb27-43e6-a201-b1d42be42fac-Maratón Silla de Ruedas,gunTime,['Timestamp'],0,0,"[Timestamp('2023-02-19 07:29:04.986000+0000', tz='UTC')]","{'Timestamp': [Timestamp('2023-02-19 07:29:04.986000+0000', tz='UTC')]}"
athletes_events_df,72a81045-fb27-43e6-a201-b1d42be42fac-Maratón Silla de Ruedas,gunTimeMode,['str'],0,0,['wave'],{'str': ['wave']}
athletes_events_df,72a81045-fb27-43e6-a201-b1d42be42fac-Maratón Silla de Ruedas,gunTimeModeConfig_wave,['str'],0,0,['Maratón Silla de Ruedas'],{'str': ['Maratón Silla de Ruedas']}
athletes_events_df,72a81045-fb27-43e6-a201-b1d42be42fac-Maratón Silla de Ruedas,last_split_seen,['str'],0,0,"['Meta', 'notstarted']","{'str': ['Meta', 'notstarted']}"
athletes_events_df,72a81045-fb27-43e6-a201-b1d42be42fac-Maratón Silla de Ruedas,maxConsecutiveSplitsMissing,['int'],0,0,"[0, 1]","{'int': [0, 1]}"
athletes_events_df,72a81045-fb27-43e6-a201-b1d42be42fac-Maratón Silla de Ruedas,race_id,['str'],0,0,['72a81045-fb27-43e6-a201-b1d42be42fac'],{'str': ['72a81045-fb27-43e6-a201-b1d42be42fac']}
athletes_events_df,72a81045-fb27-43e6-a201-b1d42be42fac-Maratón Silla de Ruedas,realStatus,['str'],0,0,"['finished', 'notstarted']","{'str': ['finished', 'notstarted']}"
athletes_events_df,72a81045-fb27-43e6-a201-b1d42be42fac-Maratón Silla de Ruedas,splitsMissing,['int'],0,0,"[0, 1]","{'int': [0, 1]}"
athletes_events_df,72a81045-fb27-43e6-a201-b1d42be42fac-Maratón Silla de Ruedas,splitsSeen,['int'],0,0,"[14, 13, 0]","{'int': [14, 13, 0]}"
athletes_events_df,72a81045-fb27-43e6-a201-b1d42be42fac-Maratón Silla de Ruedas,startNetTime,['float'],6,0,"[2734.0, 1854.0, 1434.0, -343506.0, 1974.0, 3984.0, 1924.0, 1943.0, 919.0, 5074.0]","{'float': [2734.0, 1854.0, 1434.0]}"
athletes_events_df,72a81045-fb27-43e6-a201-b1d42be42fac-Maratón Silla de Ruedas,startRawTime,['Timestamp'],6,0,"[Timestamp('2023-02-19 07:29:07.720000'), Timestamp('2023-02-19 07:29:06.840000'), Timestamp('2023-02-19 07:29:06.420000'), Timestamp('2023-02-19 07:23:21.480000'), Timestamp('2023-02-19 07:29:06.960000'), Timestamp('2023-02-19 07:29:08.970000'), Timestamp('2023-02-19 07:29:06.910000'), Timestamp('2023-02-19 07:29:06.929000'), Timestamp('2023-02-19 07:29:05.905000'), Timestamp('2023-02-19 07:29:10.060000')]","{'Timestamp': [Timestamp('2023-02-19 07:29:07.720000'), Timestamp('2023-02-19 07:29:06.840000'), Timestamp('2023-02-19 07:29:06.420000')]}"
athletes_events_df,72a81045-fb27-43e6-a201-b1d42be42fac-Maratón Silla de Ruedas,startTime,['float'],6,0,"[2734.0, 1854.0, 1434.0, 0.0, 1974.0, 3984.0, 1924.0, 1943.0, 919.0, 5074.0]","{'float': [2734.0, 1854.0, 1434.0]}"
athletes_events_df,72a81045-fb27-43e6-a201-b1d42be42fac-Maratón Silla de Ruedas,status,['str'],0,0,"['finished', 'notstarted']","{'str': ['finished', 'notstarted']}"
athletes_events_df,72a81045-fb27-43e6-a201-b1d42be42fac-Maratón Silla de Ruedas,team,['str'],0,6,"['RUN FOR YOU', 'CLUB TRIATLON 401', 'TRIACTIVE', 'LE CHEILE', '', 'CLUB ATLETISMO VILLANUBLA', 'TEAM ONE DIABETES CHALLENGE', 'ANYERA', 'C.D. PORTUFÍSICO', 'CLUB DE ESPORTS ADAPTATS DE ALMENARA']","{'str': ['RUN FOR YOU', 'CLUB TRIATLON 401', 'TRIACTIVE']}"
athletes_events_df,72a81045-fb27-43e6-a201-b1d42be42fac-Maratón Silla de Ruedas,event_std,['str'],0,0,['maraton'],{'str': ['maraton']}
athletes_events_df,72a81045-fb27-43e6-a201-b1d42be42fac-Maratón Silla de Ruedas,startNetTime_td,['Timedelta'],6,0,"[Timedelta('0 days 00:00:02.734000'), Timedelta('0 days 00:00:01.854000'), Timedelta('0 days 00:00:01.434000'), Timedelta('-1 days +23:54:16.494000'), Timedelta('0 days 00:00:01.974000'), Timedelta('0 days 00:00:03.984000'), Timedelta('0 days 00:00:01.924000'), Timedelta('0 days 00:00:01.943000'), Timedelta('0 days 00:00:00.919000'), Timedelta('0 days 00:00:05.074000')]","{'Timedelta': [Timedelta('0 days 00:00:02.734000'), Timedelta('0 days 00:00:01.854000'), Timedelta('0 days 00:00:01.434000')]}"
athletes_events_df,72a81045-fb27-43e6-a201-b1d42be42fac-Maratón Silla de Ruedas,startTime_td,['Timedelta'],6,0,"[Timedelta('0 days 00:00:02.734000'), Timedelta('0 days 00:00:01.854000'), Timedelta('0 days 00:00:01.434000'), Timedelta('0 days 00:00:00'), Timedelta('0 days 00:00:01.974000'), Timedelta('0 days 00:00:03.984000'), Timedelta('0 days 00:00:01.924000'), Timedelta('0 days 00:00:01.943000'), Timedelta('0 days 00:00:00.919000'), Timedelta('0 days 00:00:05.074000')]","{'Timedelta': [Timedelta('0 days 00:00:02.734000'), Timedelta('0 days 00:00:01.854000'), Timedelta('0 days 00:00:01.434000')]}"
athletes_events_df,af5c5746-04e8-42ab-9610-b12f0d9125b1-Maratón,athlete_id,['str'],0,0,"['200', '201', '202', '203', '204', '205', '206', '207', '208', '209']","{'str': ['200', '201', '202']}"
athletes_events_df,af5c5746-04e8-42ab-9610-b12f0d9125b1-Maratón,auto_category,['bool'],0,0,[True],{'bool': [True]}
athletes_events_df,af5c5746-04e8-42ab-9610-b12f0d9125b1-Maratón,auto_chip,['bool'],0,0,"[True, False]","{'bool': [True, False]}"
athletes_events_df,af5c5746-04e8-42ab-9610-b12f0d9125b1-Maratón,category,['str'],0,4,"['SENIOR M', 'M40', 'SENIOR W', 'W40', 'W50', 'M35', 'W35', 'M45', 'W45', 'M55']","{'str': ['SENIOR M', 'M40', 'SENIOR W']}"
athletes_events_df,af5c5746-04e8-42ab-9610-b12f0d9125b1-Maratón,distance,['int'],0,0,"[42195, 0, 21097, 15000, 42100, 10000, 32000, 30000, 35000, 13000]","{'int': [42195, 0, 21097]}"
athletes_events_df,af5c5746-04e8-42ab-9610-b12f0d9125b1-Maratón,dorsal,"['str', 'int']",0,0,"['200', '201', '202', '203', '204', '205', '206', '207', '208', '209']","{'str': ['200', '201', '202'], 'int': [422]}"
athletes_events_df,af5c5746-04e8-42ab-9610-b12f0d9125b1-Maratón,event_id,['str'],0,0,['Maratón'],{'str': ['Maratón']}
athletes_events_df,af5c5746-04e8-42ab-9610-b12f0d9125b1-Maratón,gunTime,['Timestamp'],0,0,"[Timestamp('2025-02-23 07:30:10+0000', tz='UTC')]","{'Timestamp': [Timestamp('2025-02-23 07:30:10+0000', tz='UTC')]}"
athletes_events_df,af5c5746-04e8-42ab-9610-b12f0d9125b1-Maratón,gunTimeMode,['str'],0,0,['wave'],{'str': ['wave']}
athletes_events_df,af5c5746-04e8-42ab-9610-b12f0d9125b1-Maratón,gunTimeModeConfig_wave,['str'],0,0,['Maratón'],{'str': ['Maratón']}
athletes_events_df,af5c5746-04e8-42ab-9610-b12f0d9125b1-Maratón,last_split_seen,['str'],0,0,"['Meta', 'notstarted', 'Media', '15K', 'Spotter', '10K', 'Asics 2', '30K', '35K', 'Asics']","{'str': ['Meta', 'notstarted', 'Media']}"
athletes_events_df,af5c5746-04e8-42ab-9610-b12f0d9125b1-Maratón,maxConsecutiveSplitsMissing,['int'],0,0,"[0, 3, 1, 5, 2, 6, 8, 12, 7, 4]","{'int': [0, 3, 1]}"
athletes_events_df,af5c5746-04e8-42ab-9610-b12f0d9125b1-Maratón,race_id,['str'],0,0,['af5c5746-04e8-42ab-9610-b12f0d9125b1'],{'str': ['af5c5746-04e8-42ab-9610-b12f0d9125b1']}
athletes_events_df,af5c5746-04e8-42ab-9610-b12f0d9125b1-Maratón,realStatus,['str'],0,0,"['finished', 'notstarted', 'running']","{'str': ['finished', 'notstarted', 'running']}"
athletes_events_df,af5c5746-04e8-42ab-9610-b12f0d9125b1-Maratón,splitsMissing,['int'],0,0,"[0, 3, 1, 5, 2, 6, 8, 12, 7, 4]","{'int': [0, 3, 1]}"
athletes_events_df,af5c5746-04e8-42ab-9610-b12f0d9125b1-Maratón,splitsSeen,['int'],0,0,"[14, 0, 7, 5, 10, 3, 13, 9, 1, 12]","{'int': [14, 0, 7]}"
athletes_events_df,af5c5746-04e8-42ab-9610-b12f0d9125b1-Maratón,startNetTime,['float'],2567,0,"[10.0, 2911.0, 2850.0, 2594.0, 3053.0, 3301.0, 2160.0, 2050.0, 4390.0, 1162.0]","{'float': [10.0, 2911.0, 2850.0]}"
athletes_events_df,af5c5746-04e8-42ab-9610-b12f0d9125b1-Maratón,startRawTime,['Timestamp'],2567,0,"[Timestamp('2025-02-23 07:30:10.010000'), Timestamp('2025-02-23 07:30:12.911000'), Timestamp('2025-02-23 07:30:12.850000'), Timestamp('2025-02-23 07:30:12.594000'), Timestamp('2025-02-23 07:30:13.053000'), Timestamp('2025-02-23 07:30:13.301000'), Timestamp('2025-02-23 07:30:12.160000'), Timestamp('2025-02-23 07:30:12.050000'), Timestamp('2025-02-23 07:30:14.390000'), Timestamp('2025-02-23 07:30:11.162000')]","{'Timestamp': [Timestamp('2025-02-23 07:30:10.010000'), Timestamp('2025-02-23 07:30:12.911000'), Timestamp('2025-02-23 07:30:12.850000')]}"
athletes_events_df,af5c5746-04e8-42ab-9610-b12f0d9125b1-Maratón,startTime,['float'],2567,0,"[10.0, 2911.0, 2850.0, 2594.0, 3053.0, 3301.0, 2160.0, 2050.0, 4390.0, 1162.0]","{'float': [10.0, 2911.0, 2850.0]}"
athletes_events_df,af5c5746-04e8-42ab-9610-b12f0d9125b1-Maratón,status,['str'],0,0,"['finished', 'notstarted', 'retired', 'disqualified']","{'str': ['finished', 'notstarted', 'retired']}"
athletes_events_df,af5c5746-04e8-42ab-9610-b12f0d9125b1-Maratón,team,['str'],0,6877,"['MARRUECOS', 'NINGUNO', 'SICILIA RUNNING TEAM', 'CLERMONT ATHLE', 'CLUBE DESPORTIVO AREIAS SÃO JOÃO', 'SPARTA', 'GOWANUS DREDGERS ATHLETIC CLUB', 'ASICS RUNNING', 'ASICS', 'TROTASIERRA']","{'str': ['MARRUECOS', 'NINGUNO', 'SICILIA RUNNING TEAM']}"
athletes_events_df,af5c5746-04e8-42ab-9610-b12f0d9125b1-Maratón,event_std,['str'],0,0,['maraton'],{'str': ['maraton']}
athletes_events_df,af5c5746-04e8-42ab-9610-b12f0d9125b1-Maratón,startNetTime_td,['Timedelta'],2567,0,"[Timedelta('0 days 00:00:00.010000'), Timedelta('0 days 00:00:02.911000'), Timedelta('0 days 00:00:02.850000'), Timedelta('0 days 00:00:02.594000'), Timedelta('0 days 00:00:03.053000'), Timedelta('0 days 00:00:03.301000'), Timedelta('0 days 00:00:02.160000'), Timedelta('0 days 00:00:02.050000'), Timedelta('0 days 00:00:04.390000'), Timedelta('0 days 00:00:01.162000')]","{'Timedelta': [Timedelta('0 days 00:00:00.010000'), Timedelta('0 days 00:00:02.911000'), Timedelta('0 days 00:00:02.850000')]}"
athletes_events_df,af5c5746-04e8-42ab-9610-b12f0d9125b1-Maratón,startTime_td,['Timedelta'],2567,0,"[Timedelta('0 days 00:00:00.010000'), Timedelta('0 days 00:00:02.911000'), Timedelta('0 days 00:00:02.850000'), Timedelta('0 days 00:00:02.594000'), Timedelta('0 days 00:00:03.053000'), Timedelta('0 days 00:00:03.301000'), Timedelta('0 days 00:00:02.160000'), Timedelta('0 days 00:00:02.050000'), Timedelta('0 days 00:00:04.390000'), Timedelta('0 days 00:00:01.162000')]","{'Timedelta': [Timedelta('0 days 00:00:00.010000'), Timedelta('0 days 00:00:02.911000'), Timedelta('0 days 00:00:02.850000')]}"
athletes_events_df,af5c5746-04e8-42ab-9610-b12f0d9125b1-Maratón Silla de Ruedas,athlete_id,['str'],0,0,"['401', '404', '405', '406', '407', '408', '409', '410', '411', '412']","{'str': ['401', '404', '405']}"
athletes_events_df,af5c5746-04e8-42ab-9610-b12f0d9125b1-Maratón Silla de Ruedas,auto_category,['bool'],0,0,[True],{'bool': [True]}
athletes_events_df,af5c5746-04e8-42ab-9610-b12f0d9125b1-Maratón Silla de Ruedas,auto_chip,['bool'],0,0,[True],{'bool': [True]}
athletes_events_df,af5c5746-04e8-42ab-9610-b12f0d9125b1-Maratón Silla de Ruedas,category,['str'],0,14,[''],{'str': ['']}
athletes_events_df,af5c5746-04e8-42ab-9610-b12f0d9125b1-Maratón Silla de Ruedas,distance,['int'],0,0,"[42195, 0]","{'int': [42195, 0]}"
athletes_events_df,af5c5746-04e8-42ab-9610-b12f0d9125b1-Maratón Silla de Ruedas,dorsal,['str'],0,0,"['401', '404', '405', '406', '407', '408', '409', '410', '411', '412']","{'str': ['401', '404', '405']}"
athletes_events_df,af5c5746-04e8-42ab-9610-b12f0d9125b1-Maratón Silla de Ruedas,event_id,['str'],0,0,['Maratón Silla de Ruedas'],{'str': ['Maratón Silla de Ruedas']}
athletes_events_df,af5c5746-04e8-42ab-9610-b12f0d9125b1-Maratón Silla de Ruedas,gunTime,['Timestamp'],0,0,"[Timestamp('2025-02-23 07:29:00.771000+0000', tz='UTC')]","{'Timestamp': [Timestamp('2025-02-23 07:29:00.771000+0000', tz='UTC')]}"
athletes_events_df,af5c5746-04e8-42ab-9610-b12f0d9125b1-Maratón Silla de Ruedas,gunTimeMode,['str'],0,0,['wave'],{'str': ['wave']}
athletes_events_df,af5c5746-04e8-42ab-9610-b12f0d9125b1-Maratón Silla de Ruedas,gunTimeModeConfig_wave,['str'],0,0,['Maratón Silla de Ruedas'],{'str': ['Maratón Silla de Ruedas']}
athletes_events_df,af5c5746-04e8-42ab-9610-b12f0d9125b1-Maratón Silla de Ruedas,last_split_seen,['str'],0,0,"['Meta', 'notstarted']","{'str': ['Meta', 'notstarted']}"
athletes_events_df,af5c5746-04e8-42ab-9610-b12f0d9125b1-Maratón Silla de Ruedas,maxConsecutiveSplitsMissing,['int'],0,0,"[0, 1, 6]","{'int': [0, 1, 6]}"
athletes_events_df,af5c5746-04e8-42ab-9610-b12f0d9125b1-Maratón Silla de Ruedas,race_id,['str'],0,0,['af5c5746-04e8-42ab-9610-b12f0d9125b1'],{'str': ['af5c5746-04e8-42ab-9610-b12f0d9125b1']}
athletes_events_df,af5c5746-04e8-42ab-9610-b12f0d9125b1-Maratón Silla de Ruedas,realStatus,['str'],0,0,"['finished', 'notstarted']","{'str': ['finished', 'notstarted']}"
athletes_events_df,af5c5746-04e8-42ab-9610-b12f0d9125b1-Maratón Silla de Ruedas,splitsMissing,['int'],0,0,"[0, 3, 6]","{'int': [0, 3, 6]}"
athletes_events_df,af5c5746-04e8-42ab-9610-b12f0d9125b1-Maratón Silla de Ruedas,splitsSeen,['int'],0,0,"[13, 0, 10, 7]","{'int': [13, 0, 10]}"
athletes_events_df,af5c5746-04e8-42ab-9610-b12f0d9125b1-Maratón Silla de Ruedas,startNetTime,['float'],3,0,"[3625.0, 3008.0, 3505.0, 7049.0, 5913.0, 5401.0, 3452.0, 4259.0, 365234.0, 5480.0]","{'float': [3625.0, 3008.0, 3505.0]}"
athletes_events_df,af5c5746-04e8-42ab-9610-b12f0d9125b1-Maratón Silla de Ruedas,startRawTime,['Timestamp'],3,0,"[Timestamp('2025-02-23 07:29:04.396000'), Timestamp('2025-02-23 07:29:03.779000'), Timestamp('2025-02-23 07:29:04.276000'), Timestamp('2025-02-23 07:29:07.820000'), Timestamp('2025-02-23 07:29:06.684000'), Timestamp('2025-02-23 07:29:06.172000'), Timestamp('2025-02-23 07:29:04.223000'), Timestamp('2025-02-23 07:29:05.030000'), Timestamp('2025-02-23 07:35:06.005000'), Timestamp('2025-02-23 07:29:06.251000')]","{'Timestamp': [Timestamp('2025-02-23 07:29:04.396000'), Timestamp('2025-02-23 07:29:03.779000'), Timestamp('2025-02-23 07:29:04.276000')]}"
athletes_events_df,af5c5746-04e8-42ab-9610-b12f0d9125b1-Maratón Silla de Ruedas,startTime,['float'],3,0,"[3625.0, 3008.0, 3505.0, 7049.0, 5913.0, 5401.0, 3452.0, 4259.0, 365234.0, 5480.0]","{'float': [3625.0, 3008.0, 3505.0]}"
athletes_events_df,af5c5746-04e8-42ab-9610-b12f0d9125b1-Maratón Silla de Ruedas,status,['str'],0,0,"['finished', 'notstarted']","{'str': ['finished', 'notstarted']}"
athletes_events_df,af5c5746-04e8-42ab-9610-b12f0d9125b1-Maratón Silla de Ruedas,team,['str'],0,6,"['C.A.CANOVELLAS', 'CLUB PORTUFÍSICO', 'ATLETAS SIN FRONTERAS', 'RUNFORYOU', 'CD CREDUS', 'ATLÉTICO CORRALES', 'YANUKA', '']","{'str': ['C.A.CANOVELLAS', 'CLUB PORTUFÍSICO', 'ATLETAS SIN FRONTERAS']}"
athletes_events_df,af5c5746-04e8-42ab-9610-b12f0d9125b1-Maratón Silla de Ruedas,event_std,['str'],0,0,['maraton'],{'str': ['maraton']}
athletes_events_df,af5c5746-04e8-42ab-9610-b12f0d9125b1-Maratón Silla de Ruedas,startNetTime_td,['Timedelta'],3,0,"[Timedelta('0 days 00:00:03.625000'), Timedelta('0 days 00:00:03.008000'), Timedelta('0 days 00:00:03.505000'), Timedelta('0 days 00:00:07.049000'), Timedelta('0 days 00:00:05.913000'), Timedelta('0 days 00:00:05.401000'), Timedelta('0 days 00:00:03.452000'), Timedelta('0 days 00:00:04.259000'), Timedelta('0 days 00:06:05.234000'), Timedelta('0 days 00:00:05.480000')]","{'Timedelta': [Timedelta('0 days 00:00:03.625000'), Timedelta('0 days 00:00:03.008000'), Timedelta('0 days 00:00:03.505000')]}"
athletes_events_df,af5c5746-04e8-42ab-9610-b12f0d9125b1-Maratón Silla de Ruedas,startTime_td,['Timedelta'],3,0,"[Timedelta('0 days 00:00:03.625000'), Timedelta('0 days 00:00:03.008000'), Timedelta('0 days 00:00:03.505000'), Timedelta('0 days 00:00:07.049000'), Timedelta('0 days 00:00:05.913000'), Timedelta('0 days 00:00:05.401000'), Timedelta('0 days 00:00:03.452000'), Timedelta('0 days 00:00:04.259000'), Timedelta('0 days 00:06:05.234000'), Timedelta('0 days 00:00:05.480000')]","{'Timedelta': [Timedelta('0 days 00:00:03.625000'), Timedelta('0 days 00:00:03.008000'), Timedelta('0 days 00:00:03.505000')]}"
athletes_time_df,609139b1-d6bd-4553-ac89-2f648787a60d-Maratón,athlete_id,"['str', 'int']",0,0,"[1, 2, 3, 4, 5, 6, 7, 8, 9, 10]","{'str': ['3f78cb40-26d0-524f-8597-c0728734e8fb', '4bd8b912-72db-5244-82fd-0198a74b6918', '6b6ad7e3-6149-5a79-badb-5b8479a77b56'], 'int': [1, 2, 3]}"
athletes_time_df,609139b1-d6bd-4553-ac89-2f648787a60d-Maratón,average,['float'],0,0,"[0.0, 0.17496, 0.17441, 0.1738, 0.17519, 0.17582, 0.17586, 0.17647, 0.17819, 0.18099]","{'float': [0.0, 0.17496, 0.17441]}"
athletes_time_df,609139b1-d6bd-4553-ac89-2f648787a60d-Maratón,distance,['int'],0,0,"[0, 5000, 10000, 13000, 15000, 20000, 21097, 25000, 30000, 33000]","{'int': [0, 5000, 10000]}"
athletes_time_df,609139b1-d6bd-4553-ac89-2f648787a60d-Maratón,event_id,['str'],0,0,['Maratón'],{'str': ['Maratón']}
athletes_time_df,609139b1-d6bd-4553-ac89-2f648787a60d-Maratón,incidence,['bool'],135898,0,[True],{'bool': [True]}
athletes_time_df,609139b1-d6bd-4553-ac89-2f648787a60d-Maratón,isBackup,['bool'],135953,0,[False],{'bool': [False]}
athletes_time_df,609139b1-d6bd-4553-ac89-2f648787a60d-Maratón,netTime,['int'],0,0,"[0, 874780, 1744080, 2259370, 2627830, 3516405, 3710117, 4411710, 5345700, 5972726]","{'int': [0, 874780, 1744080]}"
athletes_time_df,609139b1-d6bd-4553-ac89-2f648787a60d-Maratón,offset,['float'],135953,0,[0.0],{'float': [0.0]}
athletes_time_df,609139b1-d6bd-4553-ac89-2f648787a60d-Maratón,order,['int'],0,0,"[1, 2, 5, 6, 7, 8, 9, 10, 11, 12]","{'int': [1, 2, 5]}"
athletes_time_df,609139b1-d6bd-4553-ac89-2f648787a60d-Maratón,race_id,['str'],0,0,['609139b1-d6bd-4553-ac89-2f648787a60d'],{'str': ['609139b1-d6bd-4553-ac89-2f648787a60d']}
athletes_time_df,609139b1-d6bd-4553-ac89-2f648787a60d-Maratón,rawTime,['Timestamp'],0,0,"[Timestamp('2024-02-18 07:30:17'), Timestamp('2024-02-18 07:44:51.780000'), Timestamp('2024-02-18 07:59:21.080000'), Timestamp('2024-02-18 08:07:56.370000'), Timestamp('2024-02-18 08:14:04.830000'), Timestamp('2024-02-18 08:28:53.405000'), Timestamp('2024-02-18 08:32:07.117000'), Timestamp('2024-02-18 08:43:48.710000'), Timestamp('2024-02-18 08:59:22.700000'), Timestamp('2024-02-18 09:09:49.726000')]","{'Timestamp': [Timestamp('2024-02-18 07:30:17'), Timestamp('2024-02-18 07:44:51.780000'), Timestamp('2024-02-18 07:59:21.080000')]}"
athletes_time_df,609139b1-d6bd-4553-ac89-2f648787a60d-Maratón,split,['str'],0,0,"['Salida', '5K', '10K', 'Asics', '15K', '20K', 'Media', '25K', '30K', 'Asics 2']","{'str': ['Salida', '5K', '10K']}"
athletes_time_df,609139b1-d6bd-4553-ac89-2f648787a60d-Maratón,time,['int'],0,0,"[0, 874780, 1744080, 2259370, 2627830, 3516405, 3710117, 4411710, 5345700, 5972726]","{'int': [0, 874780, 1744080]}"
athletes_time_df,609139b1-d6bd-4553-ac89-2f648787a60d-Maratón,event_std,['str'],0,0,['maraton'],{'str': ['maraton']}
athletes_time_df,609139b1-d6bd-4553-ac89-2f648787a60d-Maratón,netTime_td,['Timedelta'],0,0,"[Timedelta('0 days 00:00:00'), Timedelta('0 days 00:14:34.780000'), Timedelta('0 days 00:29:04.080000'), Timedelta('0 days 00:37:39.370000'), Timedelta('0 days 00:43:47.830000'), Timedelta('0 days 00:58:36.405000'), Timedelta('0 days 01:01:50.117000'), Timedelta('0 days 01:13:31.710000'), Timedelta('0 days 01:29:05.700000'), Timedelta('0 days 01:39:32.726000')]","{'Timedelta': [Timedelta('0 days 00:00:00'), Timedelta('0 days 00:14:34.780000'), Timedelta('0 days 00:29:04.080000')]}"
athletes_time_df,609139b1-d6bd-4553-ac89-2f648787a60d-Maratón,time_td,['Timedelta'],0,0,"[Timedelta('0 days 00:00:00'), Timedelta('0 days 00:14:34.780000'), Timedelta('0 days 00:29:04.080000'), Timedelta('0 days 00:37:39.370000'), Timedelta('0 days 00:43:47.830000'), Timedelta('0 days 00:58:36.405000'), Timedelta('0 days 01:01:50.117000'), Timedelta('0 days 01:13:31.710000'), Timedelta('0 days 01:29:05.700000'), Timedelta('0 days 01:39:32.726000')]","{'Timedelta': [Timedelta('0 days 00:00:00'), Timedelta('0 days 00:14:34.780000'), Timedelta('0 days 00:29:04.080000')]}"
athletes_time_df,609139b1-d6bd-4553-ac89-2f648787a60d-Maratón Silla de Ruedas,athlete_id,['int'],0,0,"[472, 473, 474, 475, 476, 477, 478, 479, 480, 491]","{'int': [472, 473, 474]}"
athletes_time_df,609139b1-d6bd-4553-ac89-2f648787a60d-Maratón Silla de Ruedas,average,['float'],0,0,"[0.0, 0.14336, 0.1432, 0.14455, 0.14625, 0.14687, 0.1463, 0.14714, 0.14544, 0.14716]","{'float': [0.0, 0.14336, 0.1432]}"
athletes_time_df,609139b1-d6bd-4553-ac89-2f648787a60d-Maratón Silla de Ruedas,distance,['int'],0,0,"[0, 5000, 10000, 13000, 15000, 20000, 21097, 25000, 30000, 33000]","{'int': [0, 5000, 10000]}"
athletes_time_df,609139b1-d6bd-4553-ac89-2f648787a60d-Maratón Silla de Ruedas,event_id,['str'],0,0,['Maratón Silla de Ruedas'],{'str': ['Maratón Silla de Ruedas']}
athletes_time_df,609139b1-d6bd-4553-ac89-2f648787a60d-Maratón Silla de Ruedas,incidence,['bool'],118,0,[True],{'bool': [True]}
athletes_time_df,609139b1-d6bd-4553-ac89-2f648787a60d-Maratón Silla de Ruedas,isBackup,[],119,0,[],{}
athletes_time_df,609139b1-d6bd-4553-ac89-2f648787a60d-Maratón Silla de Ruedas,netTime,['int'],0,0,"[0, 714423, 1429606, 1876793, 2191464, 2935051, 3084211, 3676136, 4360968, 4844430]","{'int': [0, 714423, 1429606]}"
athletes_time_df,609139b1-d6bd-4553-ac89-2f648787a60d-Maratón Silla de Ruedas,offset,[],119,0,[],{}
athletes_time_df,609139b1-d6bd-4553-ac89-2f648787a60d-Maratón Silla de Ruedas,order,['int'],0,0,"[1, 2, 3, 4, 5, 6, 7, 8, 9, 10]","{'int': [1, 2, 3]}"
athletes_time_df,609139b1-d6bd-4553-ac89-2f648787a60d-Maratón Silla de Ruedas,race_id,['str'],0,0,['609139b1-d6bd-4553-ac89-2f648787a60d'],{'str': ['609139b1-d6bd-4553-ac89-2f648787a60d']}
athletes_time_df,609139b1-d6bd-4553-ac89-2f648787a60d-Maratón Silla de Ruedas,rawTime,['Timestamp'],0,0,"[Timestamp('2024-02-18 07:29:24.417000'), Timestamp('2024-02-18 07:41:18.840000'), Timestamp('2024-02-18 07:53:14.023000'), Timestamp('2024-02-18 08:00:41.210000'), Timestamp('2024-02-18 08:05:55.881000'), Timestamp('2024-02-18 08:18:19.468000'), Timestamp('2024-02-18 08:20:48.628000'), Timestamp('2024-02-18 08:30:40.553000'), Timestamp('2024-02-18 08:42:05.385000'), Timestamp('2024-02-18 08:50:08.847000')]","{'Timestamp': [Timestamp('2024-02-18 07:29:24.417000'), Timestamp('2024-02-18 07:41:18.840000'), Timestamp('2024-02-18 07:53:14.023000')]}"
athletes_time_df,609139b1-d6bd-4553-ac89-2f648787a60d-Maratón Silla de Ruedas,split,['str'],0,0,"['Salida', '5K', '10K', 'Asics', '15K', '20K', 'Media', '25K', '30K', 'Asics 2']","{'str': ['Salida', '5K', '10K']}"
athletes_time_df,609139b1-d6bd-4553-ac89-2f648787a60d-Maratón Silla de Ruedas,time,['int'],0,0,"[2359, 716782, 1431965, 1879152, 2193823, 2937410, 3086570, 3678495, 4363327, 4846789]","{'int': [2359, 716782, 1431965]}"
athletes_time_df,609139b1-d6bd-4553-ac89-2f648787a60d-Maratón Silla de Ruedas,event_std,['str'],0,0,['maraton'],{'str': ['maraton']}
athletes_time_df,609139b1-d6bd-4553-ac89-2f648787a60d-Maratón Silla de Ruedas,netTime_td,['Timedelta'],0,0,"[Timedelta('0 days 00:00:00'), Timedelta('0 days 00:11:54.423000'), Timedelta('0 days 00:23:49.606000'), Timedelta('0 days 00:31:16.793000'), Timedelta('0 days 00:36:31.464000'), Timedelta('0 days 00:48:55.051000'), Timedelta('0 days 00:51:24.211000'), Timedelta('0 days 01:01:16.136000'), Timedelta('0 days 01:12:40.968000'), Timedelta('0 days 01:20:44.430000')]","{'Timedelta': [Timedelta('0 days 00:00:00'), Timedelta('0 days 00:11:54.423000'), Timedelta('0 days 00:23:49.606000')]}"
athletes_time_df,609139b1-d6bd-4553-ac89-2f648787a60d-Maratón Silla de Ruedas,time_td,['Timedelta'],0,0,"[Timedelta('0 days 00:00:02.359000'), Timedelta('0 days 00:11:56.782000'), Timedelta('0 days 00:23:51.965000'), Timedelta('0 days 00:31:19.152000'), Timedelta('0 days 00:36:33.823000'), Timedelta('0 days 00:48:57.410000'), Timedelta('0 days 00:51:26.570000'), Timedelta('0 days 01:01:18.495000'), Timedelta('0 days 01:12:43.327000'), Timedelta('0 days 01:20:46.789000')]","{'Timedelta': [Timedelta('0 days 00:00:02.359000'), Timedelta('0 days 00:11:56.782000'), Timedelta('0 days 00:23:51.965000')]}"
athletes_time_df,72a81045-fb27-43e6-a201-b1d42be42fac-Maratón,athlete_id,['str'],0,0,"['1', '2', '3', '4', '5', '6', '8', '9', '10', '11']","{'str': ['1', '2', '3']}"
athletes_time_df,72a81045-fb27-43e6-a201-b1d42be42fac-Maratón,average,['float'],0,0,"[0.0, 0.17757, 0.17709, 0.17652, 0.17819, 0.17792, 0.17795, 0.17813, 0.17981, 0.17756]","{'float': [0.0, 0.17757, 0.17709]}"
athletes_time_df,72a81045-fb27-43e6-a201-b1d42be42fac-Maratón,distance,['int'],0,0,"[0, 5000, 10000, 13000, 15000, 20000, 21097, 25000, 30000, 35000]","{'int': [0, 5000, 10000]}"
athletes_time_df,72a81045-fb27-43e6-a201-b1d42be42fac-Maratón,event_id,['str'],0,0,['Maratón'],{'str': ['Maratón']}
athletes_time_df,72a81045-fb27-43e6-a201-b1d42be42fac-Maratón,incidence,['bool'],105157,0,[True],{'bool': [True]}
athletes_time_df,72a81045-fb27-43e6-a201-b1d42be42fac-Maratón,isBackup,['bool'],105160,0,[False],{'bool': [False]}
athletes_time_df,72a81045-fb27-43e6-a201-b1d42be42fac-Maratón,netTime,['int'],0,0,"[0, 886250, 1769290, 2293140, 2671220, 3556810, 3752530, 4451690, 5392600, 886850]","{'int': [0, 886250, 1769290]}"
athletes_time_df,72a81045-fb27-43e6-a201-b1d42be42fac-Maratón,offset,['float'],105160,0,[0.0],{'float': [0.0]}
athletes_time_df,72a81045-fb27-43e6-a201-b1d42be42fac-Maratón,order,['int'],0,0,"[1, 2, 3, 4, 5, 6, 7, 8, 9, 10]","{'int': [1, 2, 3]}"
athletes_time_df,72a81045-fb27-43e6-a201-b1d42be42fac-Maratón,race_id,['str'],0,0,['72a81045-fb27-43e6-a201-b1d42be42fac'],{'str': ['72a81045-fb27-43e6-a201-b1d42be42fac']}
athletes_time_df,72a81045-fb27-43e6-a201-b1d42be42fac-Maratón,rawTime,['Timestamp'],0,0,"[Timestamp('2023-02-19 07:30:07.600000'), Timestamp('2023-02-19 07:44:53.850000'), Timestamp('2023-02-19 07:59:36.890000'), Timestamp('2023-02-19 08:08:20.740000'), Timestamp('2023-02-19 08:14:38.820000'), Timestamp('2023-02-19 08:29:24.410000'), Timestamp('2023-02-19 08:32:40.130000'), Timestamp('2023-02-19 08:44:19.290000'), Timestamp('2023-02-19 09:00:00.200000'), Timestamp('2023-02-19 07:30:06.940000')]","{'Timestamp': [Timestamp('2023-02-19 07:30:07.600000'), Timestamp('2023-02-19 07:44:53.850000'), Timestamp('2023-02-19 07:59:36.890000')]}"
athletes_time_df,72a81045-fb27-43e6-a201-b1d42be42fac-Maratón,split,['str'],0,0,"['Salida', '5K', '10K', 'Asics', '15K', '20K', 'Media', '25K', '30K', '35K']","{'str': ['Salida', '5K', '10K']}"
athletes_time_df,72a81045-fb27-43e6-a201-b1d42be42fac-Maratón,time,['int'],0,0,"[1612, 887862, 1770902, 2294752, 2672832, 3558422, 3754142, 4453302, 5394212, 952]","{'int': [1612, 887862, 1770902]}"
athletes_time_df,72a81045-fb27-43e6-a201-b1d42be42fac-Maratón,event_std,['str'],0,0,['maraton'],{'str': ['maraton']}
athletes_time_df,72a81045-fb27-43e6-a201-b1d42be42fac-Maratón,netTime_td,['Timedelta'],0,0,"[Timedelta('0 days 00:00:00'), Timedelta('0 days 00:14:46.250000'), Timedelta('0 days 00:29:29.290000'), Timedelta('0 days 00:38:13.140000'), Timedelta('0 days 00:44:31.220000'), Timedelta('0 days 00:59:16.810000'), Timedelta('0 days 01:02:32.530000'), Timedelta('0 days 01:14:11.690000'), Timedelta('0 days 01:29:52.600000'), Timedelta('0 days 00:14:46.850000')]","{'Timedelta': [Timedelta('0 days 00:00:00'), Timedelta('0 days 00:14:46.250000'), Timedelta('0 days 00:29:29.290000')]}"
athletes_time_df,72a81045-fb27-43e6-a201-b1d42be42fac-Maratón,time_td,['Timedelta'],0,0,"[Timedelta('0 days 00:00:01.612000'), Timedelta('0 days 00:14:47.862000'), Timedelta('0 days 00:29:30.902000'), Timedelta('0 days 00:38:14.752000'), Timedelta('0 days 00:44:32.832000'), Timedelta('0 days 00:59:18.422000'), Timedelta('0 days 01:02:34.142000'), Timedelta('0 days 01:14:13.302000'), Timedelta('0 days 01:29:54.212000'), Timedelta('0 days 00:00:00.952000')]","{'Timedelta': [Timedelta('0 days 00:00:01.612000'), Timedelta('0 days 00:14:47.862000'), Timedelta('0 days 00:29:30.902000')]}"
athletes_time_df,72a81045-fb27-43e6-a201-b1d42be42fac-Maratón Silla de Ruedas,athlete_id,['str'],0,0,"['401', '402', '406', '407', '409', '410', '411', '416', '417', '419']","{'str': ['401', '402', '406']}"
athletes_time_df,72a81045-fb27-43e6-a201-b1d42be42fac-Maratón Silla de Ruedas,average,['float'],0,0,"[0.0, 1.3488, 0.17996, 0.17658, 0.18118, 0.1839, 0.18566, 0.18591, 0.18769, 0.18626]","{'float': [0.0, 1.3488, 0.17996]}"
athletes_time_df,72a81045-fb27-43e6-a201-b1d42be42fac-Maratón Silla de Ruedas,distance,['int'],0,0,"[0, 5, 5000, 10000, 13000, 15000, 20000, 21097, 25000, 30000]","{'int': [0, 5, 5000]}"
athletes_time_df,72a81045-fb27-43e6-a201-b1d42be42fac-Maratón Silla de Ruedas,event_id,['str'],0,0,['Maratón Silla de Ruedas'],{'str': ['Maratón Silla de Ruedas']}
athletes_time_df,72a81045-fb27-43e6-a201-b1d42be42fac-Maratón Silla de Ruedas,incidence,['bool'],176,0,[True],{'bool': [True]}
athletes_time_df,72a81045-fb27-43e6-a201-b1d42be42fac-Maratón Silla de Ruedas,isBackup,['bool'],178,0,[False],{'bool': [False]}
athletes_time_df,72a81045-fb27-43e6-a201-b1d42be42fac-Maratón Silla de Ruedas,netTime,['int'],0,0,"[0, 4010, 897080, 1763070, 2352620, 2755790, 3710400, 3919440, 4689500, 5585160]","{'int': [0, 4010, 897080]}"
athletes_time_df,72a81045-fb27-43e6-a201-b1d42be42fac-Maratón Silla de Ruedas,offset,['float'],178,0,[0.0],{'float': [0.0]}
athletes_time_df,72a81045-fb27-43e6-a201-b1d42be42fac-Maratón Silla de Ruedas,order,['int'],0,0,"[1, 2, 3, 4, 5, 6, 7, 8, 9, 10]","{'int': [1, 2, 3]}"
athletes_time_df,72a81045-fb27-43e6-a201-b1d42be42fac-Maratón Silla de Ruedas,race_id,['str'],0,0,['72a81045-fb27-43e6-a201-b1d42be42fac'],{'str': ['72a81045-fb27-43e6-a201-b1d42be42fac']}
athletes_time_df,72a81045-fb27-43e6-a201-b1d42be42fac-Maratón Silla de Ruedas,rawTime,['Timestamp'],0,0,"[Timestamp('2023-02-19 07:29:07.720000'), Timestamp('2023-02-19 07:29:11.730000'), Timestamp('2023-02-19 07:44:04.800000'), Timestamp('2023-02-19 07:58:30.790000'), Timestamp('2023-02-19 08:08:20.340000'), Timestamp('2023-02-19 08:15:03.510000'), Timestamp('2023-02-19 08:30:58.120000'), Timestamp('2023-02-19 08:34:27.160000'), Timestamp('2023-02-19 08:47:17.220000'), Timestamp('2023-02-19 09:02:12.880000')]","{'Timestamp': [Timestamp('2023-02-19 07:29:07.720000'), Timestamp('2023-02-19 07:29:11.730000'), Timestamp('2023-02-19 07:44:04.800000')]}"
athletes_time_df,72a81045-fb27-43e6-a201-b1d42be42fac-Maratón Silla de Ruedas,split,['str'],0,0,"['Salida', 'Postsalida', '5K', '10K', 'Asics', '15K', '20K', 'Media', '25K', '30K']","{'str': ['Salida', 'Postsalida', '5K']}"
athletes_time_df,72a81045-fb27-43e6-a201-b1d42be42fac-Maratón Silla de Ruedas,time,['int'],0,0,"[2734, 6744, 899814, 1765804, 2355354, 2758524, 3713134, 3922174, 4692234, 5587894]","{'int': [2734, 6744, 899814]}"
athletes_time_df,72a81045-fb27-43e6-a201-b1d42be42fac-Maratón Silla de Ruedas,event_std,['str'],0,0,['maraton'],{'str': ['maraton']}
athletes_time_df,72a81045-fb27-43e6-a201-b1d42be42fac-Maratón Silla de Ruedas,netTime_td,['Timedelta'],0,0,"[Timedelta('0 days 00:00:00'), Timedelta('0 days 00:00:04.010000'), Timedelta('0 days 00:14:57.080000'), Timedelta('0 days 00:29:23.070000'), Timedelta('0 days 00:39:12.620000'), Timedelta('0 days 00:45:55.790000'), Timedelta('0 days 01:01:50.400000'), Timedelta('0 days 01:05:19.440000'), Timedelta('0 days 01:18:09.500000'), Timedelta('0 days 01:33:05.160000')]","{'Timedelta': [Timedelta('0 days 00:00:00'), Timedelta('0 days 00:00:04.010000'), Timedelta('0 days 00:14:57.080000')]}"
athletes_time_df,72a81045-fb27-43e6-a201-b1d42be42fac-Maratón Silla de Ruedas,time_td,['Timedelta'],0,0,"[Timedelta('0 days 00:00:02.734000'), Timedelta('0 days 00:00:06.744000'), Timedelta('0 days 00:14:59.814000'), Timedelta('0 days 00:29:25.804000'), Timedelta('0 days 00:39:15.354000'), Timedelta('0 days 00:45:58.524000'), Timedelta('0 days 01:01:53.134000'), Timedelta('0 days 01:05:22.174000'), Timedelta('0 days 01:18:12.234000'), Timedelta('0 days 01:33:07.894000')]","{'Timedelta': [Timedelta('0 days 00:00:02.734000'), Timedelta('0 days 00:00:06.744000'), Timedelta('0 days 00:14:59.814000')]}"
athletes_time_df,af5c5746-04e8-42ab-9610-b12f0d9125b1-Maratón,athlete_id,['str'],0,0,"['200', '202', '203', '205', '207', '208', '209', '210', '351', '352']","{'str': ['200', '202', '203']}"
athletes_time_df,af5c5746-04e8-42ab-9610-b12f0d9125b1-Maratón,average,['float'],0,0,"[0.0, 0.17981, 0.17988, 0.17903, 0.17905, 0.17989, 0.17977, 0.17971, 0.17992, 0.18711]","{'float': [0.0, 0.17981, 0.17988]}"
athletes_time_df,af5c5746-04e8-42ab-9610-b12f0d9125b1-Maratón,distance,['int'],0,0,"[0, 5000, 10000, 13000, 15000, 20000, 21097, 25000, 30000, 32000]","{'int': [0, 5000, 10000]}"
athletes_time_df,af5c5746-04e8-42ab-9610-b12f0d9125b1-Maratón,event_id,['str'],0,0,['Maratón'],{'str': ['Maratón']}
athletes_time_df,af5c5746-04e8-42ab-9610-b12f0d9125b1-Maratón,incidence,['bool'],155859,0,[True],{'bool': [True]}
athletes_time_df,af5c5746-04e8-42ab-9610-b12f0d9125b1-Maratón,isBackup,['bool'],155875,0,[False],{'bool': [False]}
athletes_time_df,af5c5746-04e8-42ab-9610-b12f0d9125b1-Maratón,netTime,['int'],0,0,"[0, 899020, 1798768, 2327380, 2685770, 3597830, 3792640, 4492662, 5397590, 5987519]","{'int': [0, 899020, 1798768]}"
athletes_time_df,af5c5746-04e8-42ab-9610-b12f0d9125b1-Maratón,offset,['float'],155875,0,[0.0],{'float': [0.0]}
athletes_time_df,af5c5746-04e8-42ab-9610-b12f0d9125b1-Maratón,order,['int'],0,0,"[1, 2, 3, 4, 5, 6, 7, 8, 9, 10]","{'int': [1, 2, 3]}"
athletes_time_df,af5c5746-04e8-42ab-9610-b12f0d9125b1-Maratón,race_id,['str'],0,0,['af5c5746-04e8-42ab-9610-b12f0d9125b1'],{'str': ['af5c5746-04e8-42ab-9610-b12f0d9125b1']}
athletes_time_df,af5c5746-04e8-42ab-9610-b12f0d9125b1-Maratón,rawTime,['Timestamp'],0,0,"[Timestamp('2025-02-23 07:30:10.010000'), Timestamp('2025-02-23 07:45:09.030000'), Timestamp('2025-02-23 08:00:08.778000'), Timestamp('2025-02-23 08:08:57.390000'), Timestamp('2025-02-23 08:14:55.780000'), Timestamp('2025-02-23 08:30:07.840000'), Timestamp('2025-02-23 08:33:22.650000'), Timestamp('2025-02-23 08:45:02.672000'), Timestamp('2025-02-23 09:00:07.600000'), Timestamp('2025-02-23 09:09:57.529000')]","{'Timestamp': [Timestamp('2025-02-23 07:30:10.010000'), Timestamp('2025-02-23 07:45:09.030000'), Timestamp('2025-02-23 08:00:08.778000')]}"
athletes_time_df,af5c5746-04e8-42ab-9610-b12f0d9125b1-Maratón,split,['str'],0,0,"['Salida', '5K', '10K', 'Asics', '15K', '20K', 'Media', '25K', '30K', 'Asics 2']","{'str': ['Salida', '5K', '10K']}"
athletes_time_df,af5c5746-04e8-42ab-9610-b12f0d9125b1-Maratón,time,['int'],0,0,"[10, 899030, 1798778, 2327390, 2685780, 3597840, 3792650, 4492672, 5397600, 5987529]","{'int': [10, 899030, 1798778]}"
athletes_time_df,af5c5746-04e8-42ab-9610-b12f0d9125b1-Maratón,event_std,['str'],0,0,['maraton'],{'str': ['maraton']}
athletes_time_df,af5c5746-04e8-42ab-9610-b12f0d9125b1-Maratón,netTime_td,['Timedelta'],0,0,"[Timedelta('0 days 00:00:00'), Timedelta('0 days 00:14:59.020000'), Timedelta('0 days 00:29:58.768000'), Timedelta('0 days 00:38:47.380000'), Timedelta('0 days 00:44:45.770000'), Timedelta('0 days 00:59:57.830000'), Timedelta('0 days 01:03:12.640000'), Timedelta('0 days 01:14:52.662000'), Timedelta('0 days 01:29:57.590000'), Timedelta('0 days 01:39:47.519000')]","{'Timedelta': [Timedelta('0 days 00:00:00'), Timedelta('0 days 00:14:59.020000'), Timedelta('0 days 00:29:58.768000')]}"
athletes_time_df,af5c5746-04e8-42ab-9610-b12f0d9125b1-Maratón,time_td,['Timedelta'],0,0,"[Timedelta('0 days 00:00:00.010000'), Timedelta('0 days 00:14:59.030000'), Timedelta('0 days 00:29:58.778000'), Timedelta('0 days 00:38:47.390000'), Timedelta('0 days 00:44:45.780000'), Timedelta('0 days 00:59:57.840000'), Timedelta('0 days 01:03:12.650000'), Timedelta('0 days 01:14:52.672000'), Timedelta('0 days 01:29:57.600000'), Timedelta('0 days 01:39:47.529000')]","{'Timedelta': [Timedelta('0 days 00:00:00.010000'), Timedelta('0 days 00:14:59.030000'), Timedelta('0 days 00:29:58.778000')]}"
athletes_time_df,af5c5746-04e8-42ab-9610-b12f0d9125b1-Maratón Silla de Ruedas,athlete_id,['str'],0,0,"['401', '404', '405', '406', '407', '408', '409', '411', '412', '413']","{'str': ['401', '404', '405']}"
athletes_time_df,af5c5746-04e8-42ab-9610-b12f0d9125b1-Maratón Silla de Ruedas,average,['float'],0,0,"[0.0, 0.17969, 0.1786, 0.18058, 0.18134, 0.18352, 0.18315, 0.18473, 0.18193, 0.18376]","{'float': [0.0, 0.17969, 0.1786]}"
athletes_time_df,af5c5746-04e8-42ab-9610-b12f0d9125b1-Maratón Silla de Ruedas,distance,['int'],0,0,"[0, 5000, 10000, 13000, 15000, 20000, 21097, 25000, 30000, 33000]","{'int': [0, 5000, 10000]}"
athletes_time_df,af5c5746-04e8-42ab-9610-b12f0d9125b1-Maratón Silla de Ruedas,event_id,['str'],0,0,['Maratón Silla de Ruedas'],{'str': ['Maratón Silla de Ruedas']}
athletes_time_df,af5c5746-04e8-42ab-9610-b12f0d9125b1-Maratón Silla de Ruedas,incidence,[],147,0,[],{}
athletes_time_df,af5c5746-04e8-42ab-9610-b12f0d9125b1-Maratón Silla de Ruedas,isBackup,[],147,0,[],{}
athletes_time_df,af5c5746-04e8-42ab-9610-b12f0d9125b1-Maratón Silla de Ruedas,netTime,['int'],0,0,"[0, 894815, 1782385, 2343924, 2716504, 3666717, 3860314, 4614736, 5454144, 6060352]","{'int': [0, 894815, 1782385]}"
athletes_time_df,af5c5746-04e8-42ab-9610-b12f0d9125b1-Maratón Silla de Ruedas,offset,[],147,0,[],{}
athletes_time_df,af5c5746-04e8-42ab-9610-b12f0d9125b1-Maratón Silla de Ruedas,order,['int'],0,0,"[1, 2, 3, 4, 5, 6, 7, 8, 9, 10]","{'int': [1, 2, 3]}"
athletes_time_df,af5c5746-04e8-42ab-9610-b12f0d9125b1-Maratón Silla de Ruedas,race_id,['str'],0,0,['af5c5746-04e8-42ab-9610-b12f0d9125b1'],{'str': ['af5c5746-04e8-42ab-9610-b12f0d9125b1']}
athletes_time_df,af5c5746-04e8-42ab-9610-b12f0d9125b1-Maratón Silla de Ruedas,rawTime,['Timestamp'],0,0,"[Timestamp('2025-02-23 07:29:04.396000'), Timestamp('2025-02-23 07:43:59.211000'), Timestamp('2025-02-23 07:58:46.781000'), Timestamp('2025-02-23 08:08:08.320000'), Timestamp('2025-02-23 08:14:20.900000'), Timestamp('2025-02-23 08:30:11.113000'), Timestamp('2025-02-23 08:33:24.710000'), Timestamp('2025-02-23 08:45:59.132000'), Timestamp('2025-02-23 08:59:58.540000'), Timestamp('2025-02-23 09:10:04.748000')]","{'Timestamp': [Timestamp('2025-02-23 07:29:04.396000'), Timestamp('2025-02-23 07:43:59.211000'), Timestamp('2025-02-23 07:58:46.781000')]}"
athletes_time_df,af5c5746-04e8-42ab-9610-b12f0d9125b1-Maratón Silla de Ruedas,split,['str'],0,0,"['Salida', '5K', '10K', 'Asics', '15K', '20K', 'Media', '25K', '30K', 'Asics 2']","{'str': ['Salida', '5K', '10K']}"
athletes_time_df,af5c5746-04e8-42ab-9610-b12f0d9125b1-Maratón Silla de Ruedas,time,['int'],0,0,"[3625, 898440, 1786010, 2347549, 2720129, 3670342, 3863939, 4618361, 5457769, 6063977]","{'int': [3625, 898440, 1786010]}"
athletes_time_df,af5c5746-04e8-42ab-9610-b12f0d9125b1-Maratón Silla de Ruedas,event_std,['str'],0,0,['maraton'],{'str': ['maraton']}
athletes_time_df,af5c5746-04e8-42ab-9610-b12f0d9125b1-Maratón Silla de Ruedas,netTime_td,['Timedelta'],0,0,"[Timedelta('0 days 00:00:00'), Timedelta('0 days 00:14:54.815000'), Timedelta('0 days 00:29:42.385000'), Timedelta('0 days 00:39:03.924000'), Timedelta('0 days 00:45:16.504000'), Timedelta('0 days 01:01:06.717000'), Timedelta('0 days 01:04:20.314000'), Timedelta('0 days 01:16:54.736000'), Timedelta('0 days 01:30:54.144000'), Timedelta('0 days 01:41:00.352000')]","{'Timedelta': [Timedelta('0 days 00:00:00'), Timedelta('0 days 00:14:54.815000'), Timedelta('0 days 00:29:42.385000')]}"
athletes_time_df,af5c5746-04e8-42ab-9610-b12f0d9125b1-Maratón Silla de Ruedas,time_td,['Timedelta'],0,0,"[Timedelta('0 days 00:00:03.625000'), Timedelta('0 days 00:14:58.440000'), Timedelta('0 days 00:29:46.010000'), Timedelta('0 days 00:39:07.549000'), Timedelta('0 days 00:45:20.129000'), Timedelta('0 days 01:01:10.342000'), Timedelta('0 days 01:04:23.939000'), Timedelta('0 days 01:16:58.361000'), Timedelta('0 days 01:30:57.769000'), Timedelta('0 days 01:41:03.977000')]","{'Timedelta': [Timedelta('0 days 00:00:03.625000'), Timedelta('0 days 00:14:58.440000'), Timedelta('0 days 00:29:46.010000')]}"
issues_df,609139b1-d6bd-4553-ac89-2f648787a60d-Maratón,athlete_id,"['str', 'int']",0,0,"[8250, 904, 7240, 8354, 6972, 1249, 12322, 1443, 9141, 7312]","{'str': ['3f78cb40-26d0-524f-8597-c0728734e8fb', '4bd8b912-72db-5244-82fd-0198a74b6918', '6b6ad7e3-6149-5a79-badb-5b8479a77b56'], 'int': [8250, 904, 7240]}"
issues_df,609139b1-d6bd-4553-ac89-2f648787a60d-Maratón,event_id,['str'],0,0,['Maratón'],{'str': ['Maratón']}
issues_df,609139b1-d6bd-4553-ac89-2f648787a60d-Maratón,issue_id,['str'],0,0,"['e419ddf0-cdb1-11ee-a1fd-537e845a4030', '92924bb0-ce2f-11ee-8008-917783ce6496', 'f3acfaa0-ce41-11ee-bd89-f93a4314e6fb', 'ee1a27e0-cce6-11ee-bf1d-9b6170712c3f', '8e9951b0-ce67-11ee-ae80-695a7ed66b6d', 'dd358ef0-ce59-11ee-83f0-ad47679acfd8', '829d5950-ce36-11ee-a91c-3bfaa31c6ceb', '40cb3680-ce4c-11ee-a471-31ea3d047657', '5ca11240-ce41-11ee-bd89-f93a4314e6fb', '46f77340-cf1c-11ee-ab91-194f7a5565c2']","{'str': ['e419ddf0-cdb1-11ee-a1fd-537e845a4030', '92924bb0-ce2f-11ee-8008-917783ce6496', 'f3acfaa0-ce41-11ee-bd89-f93a4314e6fb']}"
issues_df,609139b1-d6bd-4553-ac89-2f648787a60d-Maratón,race_id,['str'],0,0,['609139b1-d6bd-4553-ac89-2f648787a60d'],{'str': ['609139b1-d6bd-4553-ac89-2f648787a60d']}
issues_df,609139b1-d6bd-4553-ac89-2f648787a60d-Maratón,time,['Timestamp'],0,0,"[Timestamp('2024-02-17 16:30:41.487000'), Timestamp('2024-02-18 07:30:21.291000'), Timestamp('2024-02-18 09:41:55.146000'), Timestamp('2024-02-16 16:17:50.430000'), Timestamp('2024-02-18 14:11:06.444000'), Timestamp('2024-02-18 14:11:06.443000'), Timestamp('2024-02-18 12:33:05.375000'), Timestamp('2024-02-18 08:20:00.997000'), Timestamp('2024-02-18 10:55:39.496000'), Timestamp('2024-02-18 09:37:41.732000')]","{'Timestamp': [Timestamp('2024-02-17 16:30:41.487000'), Timestamp('2024-02-18 07:30:21.291000'), Timestamp('2024-02-18 09:41:55.146000')]}"
issues_df,609139b1-d6bd-4553-ac89-2f648787a60d-Maratón,type,['str'],0,0,"['changeRanking', 'changeStatus', 'athleteTime']","{'str': ['changeRanking', 'changeStatus', 'athleteTime']}"
issues_df,609139b1-d6bd-4553-ac89-2f648787a60d-Maratón,event_std,['str'],0,0,['maraton'],{'str': ['maraton']}
issues_df,609139b1-d6bd-4553-ac89-2f648787a60d-Maratón Silla de Ruedas,athlete_id,['int'],0,0,"[473, 491, 478, 474, 480, 481, 476, 479, 472, 475]","{'int': [473, 491, 478]}"
issues_df,609139b1-d6bd-4553-ac89-2f648787a60d-Maratón Silla de Ruedas,event_id,['str'],0,0,['Maratón Silla de Ruedas'],{'str': ['Maratón Silla de Ruedas']}
issues_df,609139b1-d6bd-4553-ac89-2f648787a60d-Maratón Silla de Ruedas,issue_id,['str'],0,0,"['7149a2a0-ce2f-11ee-a4bc-fb43f15126f3', '903c2c40-ce67-11ee-b399-754fd902f9ac', '0047d010-ce3c-11ee-bd89-f93a4314e6fb', 'cf32b480-f0ce-11ee-aee6-73f61c279634']","{'str': ['7149a2a0-ce2f-11ee-a4bc-fb43f15126f3', '903c2c40-ce67-11ee-b399-754fd902f9ac', '0047d010-ce3c-11ee-bd89-f93a4314e6fb']}"
issues_df,609139b1-d6bd-4553-ac89-2f648787a60d-Maratón Silla de Ruedas,race_id,['str'],0,0,['609139b1-d6bd-4553-ac89-2f648787a60d'],{'str': ['609139b1-d6bd-4553-ac89-2f648787a60d']}
issues_df,609139b1-d6bd-4553-ac89-2f648787a60d-Maratón Silla de Ruedas,time,['Timestamp'],0,0,"[Timestamp('2024-02-18 07:29:25.450000'), Timestamp('2024-02-18 14:11:09.188000'), Timestamp('2024-02-18 08:59:19.313000'), Timestamp('2024-04-02 08:55:52.520000')]","{'Timestamp': [Timestamp('2024-02-18 07:29:25.450000'), Timestamp('2024-02-18 14:11:09.188000'), Timestamp('2024-02-18 08:59:19.313000')]}"
issues_df,609139b1-d6bd-4553-ac89-2f648787a60d-Maratón Silla de Ruedas,type,['str'],0,0,"['changeRanking', 'changeStatus', 'athleteTime']","{'str': ['changeRanking', 'changeStatus', 'athleteTime']}"
issues_df,609139b1-d6bd-4553-ac89-2f648787a60d-Maratón Silla de Ruedas,event_std,['str'],0,0,['maraton'],{'str': ['maraton']}
issues_df,609139b1-d6bd-4553-ac89-2f648787a60d-independiente,athlete_id,"['str', 'int']",0,0,"['3f78cb40-26d0-524f-8597-c0728734e8fb', '4bd8b912-72db-5244-82fd-0198a74b6918', 2816, 3030, 3955, 4870, 13022, 3692, 2143, 79]","{'str': ['3f78cb40-26d0-524f-8597-c0728734e8fb', '4bd8b912-72db-5244-82fd-0198a74b6918', 'e4a4a780-6f93-5d5d-9ba8-998d0477a06c'], 'int': [2816, 3030, 3955]}"
issues_df,609139b1-d6bd-4553-ac89-2f648787a60d-independiente,event_id,['str'],0,0,['independiente'],{'str': ['independiente']}
issues_df,609139b1-d6bd-4553-ac89-2f648787a60d-independiente,issue_id,['str'],0,0,"['adf5afb0-cce9-11ee-a235-431f9746a5b1', '0fc61f40-ccea-11ee-a235-431f9746a5b1', '2c8e55c0-cd99-11ee-a81a-739d09f518bd', 'a0f87e80-ccb9-11ee-bae3-ed02110cc0ce', 'df5eae20-d096-11ee-9cc1-8348dba7d84c', '5653c170-ce4c-11ee-a471-31ea3d047657', '27237140-ce4a-11ee-a672-ef1696a2511d', 'c2450eb0-cea7-11ee-a86b-ad1cda081dfb', '95160e70-cd81-11ee-ad6d-c19eda286a77', 'd6e23ec0-d095-11ee-af2c-3ffb99949752']","{'str': ['adf5afb0-cce9-11ee-a235-431f9746a5b1', '0fc61f40-ccea-11ee-a235-431f9746a5b1', '2c8e55c0-cd99-11ee-a81a-739d09f518bd']}"
issues_df,609139b1-d6bd-4553-ac89-2f648787a60d-independiente,race_id,['str'],0,0,['609139b1-d6bd-4553-ac89-2f648787a60d'],{'str': ['609139b1-d6bd-4553-ac89-2f648787a60d']}
issues_df,609139b1-d6bd-4553-ac89-2f648787a60d-independiente,time,['Timestamp'],0,0,"[Timestamp('2024-02-16 16:37:31.307000'), Timestamp('2024-02-16 16:40:15.412000'), Timestamp('2024-02-17 13:33:45.628000'), Timestamp('2024-02-16 10:53:33.672000'), Timestamp('2024-02-21 08:54:50.626000'), Timestamp('2024-02-18 10:56:15.623000'), Timestamp('2024-02-18 10:40:37.460000'), Timestamp('2024-02-18 21:50:40.923000'), Timestamp('2024-02-17 10:44:53.079000'), Timestamp('2024-02-21 08:47:26.892000')]","{'Timestamp': [Timestamp('2024-02-16 16:37:31.307000'), Timestamp('2024-02-16 16:40:15.412000'), Timestamp('2024-02-17 13:33:45.628000')]}"
issues_df,609139b1-d6bd-4553-ac89-2f648787a60d-independiente,type,['str'],0,0,"['changeRanking', 'athleteSwap', 'importAthletes', 'changeStatus']","{'str': ['changeRanking', 'athleteSwap', 'importAthletes']}"
issues_df,609139b1-d6bd-4553-ac89-2f648787a60d-independiente,event_std,['str'],0,0,['independiente'],{'str': ['independiente']}
issues_df,72a81045-fb27-43e6-a201-b1d42be42fac-Maratón,athlete_id,"['str', 'int']",0,0,"['351', '3256', '10705', '11440', '7708', '10966', '1531', '655', '9915', '4636']","{'str': ['351', '3256', '10705'], 'int': [6, 5]}"
issues_df,72a81045-fb27-43e6-a201-b1d42be42fac-Maratón,event_id,['str'],0,0,['Maratón'],{'str': ['Maratón']}
issues_df,72a81045-fb27-43e6-a201-b1d42be42fac-Maratón,issue_id,['str'],0,0,"['f41eae90-d0ba-11ee-837d-a3d1e8fcf7e7', '816f9470-d0b7-11ee-a61e-c5d970642c85', '9472d410-d0b7-11ee-a61e-c5d970642c85', 'eb8ea210-d0b7-11ee-a61e-c5d970642c85', '01141fc0-d0b8-11ee-a61e-c5d970642c85', '275d7460-d0b8-11ee-a61e-c5d970642c85', '61614ab0-d0b8-11ee-a61e-c5d970642c85', '660e7f10-d0b8-11ee-a61e-c5d970642c85', '70c172f0-d0b8-11ee-a61e-c5d970642c85', '7e04fcc0-d0b8-11ee-a61e-c5d970642c85']","{'str': ['f41eae90-d0ba-11ee-837d-a3d1e8fcf7e7', '816f9470-d0b7-11ee-a61e-c5d970642c85', '9472d410-d0b7-11ee-a61e-c5d970642c85']}"
issues_df,72a81045-fb27-43e6-a201-b1d42be42fac-Maratón,race_id,['str'],0,0,['72a81045-fb27-43e6-a201-b1d42be42fac'],{'str': ['72a81045-fb27-43e6-a201-b1d42be42fac']}
issues_df,72a81045-fb27-43e6-a201-b1d42be42fac-Maratón,time,['Timestamp'],0,0,"[Timestamp('2024-02-21 13:13:07.321000'), Timestamp('2024-02-21 12:48:26.423000'), Timestamp('2024-02-21 12:48:58.321000'), Timestamp('2024-02-21 12:51:24.465000'), Timestamp('2024-02-21 12:52:00.572000'), Timestamp('2024-02-21 12:53:04.806000'), Timestamp('2024-02-21 12:54:42.139000'), Timestamp('2024-02-21 12:54:49.985000'), Timestamp('2024-02-21 12:55:07.935000'), Timestamp('2024-02-21 12:55:30.188000')]","{'Timestamp': [Timestamp('2024-02-21 13:13:07.321000'), Timestamp('2024-02-21 12:48:26.423000'), Timestamp('2024-02-21 12:48:58.321000')]}"
issues_df,72a81045-fb27-43e6-a201-b1d42be42fac-Maratón,type,['str'],0,0,"['changeStatus', 'athleteTime']","{'str': ['changeStatus', 'athleteTime']}"
issues_df,72a81045-fb27-43e6-a201-b1d42be42fac-Maratón,event_std,['str'],0,0,['maraton'],{'str': ['maraton']}
issues_df,72a81045-fb27-43e6-a201-b1d42be42fac-independiente,athlete_id,"['str', 'int']",0,0,"[904, '904', '8250', 6776, '6776', 7240, '7240', 8354, '8354', '6972']","{'str': ['904', '8250', '6776'], 'int': [904, 6776, 7240]}"
issues_df,72a81045-fb27-43e6-a201-b1d42be42fac-independiente,event_id,['str'],0,0,['independiente'],{'str': ['independiente']}
issues_df,72a81045-fb27-43e6-a201-b1d42be42fac-independiente,issue_id,['str'],0,0,"['cae101f0-b01c-11ed-8e66-894f10a55130', '3c378cc0-b027-11ed-bc27-97c41084d2d0', '7415c140-aee5-11ed-b5a0-61ee48222c61', '6cfeb210-b104-11ed-83ca-530d6ed73df8', '51caef80-b05b-11ed-adcf-5927552bed88', 'b43e1540-b03b-11ed-ba68-537e49dea274', '4b5e8750-b04d-11ed-ad25-87f69812e44a', '6dee9180-aead-11ed-979c-c5fb6d268fb5', 'aab67030-aeb5-11ed-bcd8-ff8731bd779e', 'b422b8d0-aeed-11ed-965b-3b0cabbbf768']","{'str': ['cae101f0-b01c-11ed-8e66-894f10a55130', '3c378cc0-b027-11ed-bc27-97c41084d2d0', '7415c140-aee5-11ed-b5a0-61ee48222c61']}"
issues_df,72a81045-fb27-43e6-a201-b1d42be42fac-independiente,race_id,['str'],0,0,['72a81045-fb27-43e6-a201-b1d42be42fac'],{'str': ['72a81045-fb27-43e6-a201-b1d42be42fac']}
issues_df,72a81045-fb27-43e6-a201-b1d42be42fac-independiente,time,['Timestamp'],0,0,"[Timestamp('2023-02-19 06:15:22.782000'), Timestamp('2023-02-19 07:30:07.884000'), Timestamp('2023-02-19 06:15:22.771000'), Timestamp('2023-02-19 06:15:22.768000'), Timestamp('2023-02-19 06:15:22.775000'), Timestamp('2023-02-17 17:06:43.668000'), Timestamp('2023-02-19 06:15:22.774000'), Timestamp('2023-02-19 06:15:22.781000'), Timestamp('2023-02-19 06:15:22.777000'), Timestamp('2023-02-19 06:15:22.780000')]","{'Timestamp': [Timestamp('2023-02-19 06:15:22.782000'), Timestamp('2023-02-19 07:30:07.884000'), Timestamp('2023-02-19 06:15:22.771000')]}"
issues_df,72a81045-fb27-43e6-a201-b1d42be42fac-independiente,type,['str'],0,0,"['changeRanking', 'changeStatus', 'athleteSwap', 'athleteTime']","{'str': ['changeRanking', 'changeStatus', 'athleteSwap']}"
issues_df,72a81045-fb27-43e6-a201-b1d42be42fac-independiente,event_std,['str'],0,0,['independiente'],{'str': ['independiente']}
issues_df,8bbfdd2e-da3d-4934-a1c5-8fbd303d4974-independiente,athlete_id,"['str', 'int']",0,0,"[1269, 4247, 4019, 8476, 2110, 7346, 5848, 4915, 8804, 5014]","{'str': ['c60cac86-40d3-5a50-b356-fc5eb0f46af9', '1cd1deb6-650c-52d1-9699-d24afe4a0a49', '8d7e5cc7-0d27-536d-a5ed-397fc1a1a08a'], 'int': [1269, 4247, 4019]}"
issues_df,8bbfdd2e-da3d-4934-a1c5-8fbd303d4974-independiente,event_id,['str'],0,0,['independiente'],{'str': ['independiente']}
issues_df,8bbfdd2e-da3d-4934-a1c5-8fbd303d4974-independiente,issue_id,['str'],0,0,"['2b2b1810-9256-11ec-ab3e-1f2d1eb9663d', '1aafa3d0-90ed-11ec-b566-21716ccf5a1a', 'b0db3f80-9107-11ec-8200-edad9d58d0b0', 'c7dcf3e0-922e-11ec-bd24-cb1c756a584c', 'f605eb70-93cb-11ec-b999-cfb651696c46', 'e6070260-922f-11ec-bd24-cb1c756a584c', '31f6c4b0-93cc-11ec-b999-cfb651696c46', 'f3e6afb0-9230-11ec-bd24-cb1c756a584c', 'c3ad4860-94a9-11ec-a4db-ad133e8926c7', 'c43253b0-9234-11ec-90e1-a54d31285d70']","{'str': ['2b2b1810-9256-11ec-ab3e-1f2d1eb9663d', '1aafa3d0-90ed-11ec-b566-21716ccf5a1a', 'b0db3f80-9107-11ec-8200-edad9d58d0b0']}"
issues_df,8bbfdd2e-da3d-4934-a1c5-8fbd303d4974-independiente,race_id,['str'],0,0,['8bbfdd2e-da3d-4934-a1c5-8fbd303d4974'],{'str': ['8bbfdd2e-da3d-4934-a1c5-8fbd303d4974']}
issues_df,8bbfdd2e-da3d-4934-a1c5-8fbd303d4974-independiente,time,['Timestamp'],0,0,"[Timestamp('2022-02-20 14:05:33.074000'), Timestamp('2022-02-18 19:00:57.101000'), Timestamp('2022-02-18 22:11:15.960000'), Timestamp('2022-02-20 09:23:36.094000'), Timestamp('2022-02-22 10:41:15.687000'), Timestamp('2022-02-20 14:05:33.073000'), Timestamp('2022-02-20 09:31:36.198000'), Timestamp('2022-02-22 10:42:56.251000'), Timestamp('2022-02-20 09:39:08.971000'), Timestamp('2022-02-23 13:08:59.494000')]","{'Timestamp': [Timestamp('2022-02-20 14:05:33.074000'), Timestamp('2022-02-18 19:00:57.101000'), Timestamp('2022-02-18 22:11:15.960000')]}"
issues_df,8bbfdd2e-da3d-4934-a1c5-8fbd303d4974-independiente,type,['str'],0,0,"['changeStatus', 'changeRanking', 'athleteSwap', 'athleteTime']","{'str': ['changeStatus', 'changeRanking', 'athleteSwap']}"
issues_df,8bbfdd2e-da3d-4934-a1c5-8fbd303d4974-independiente,event_std,['str'],0,0,['independiente'],{'str': ['independiente']}
issues_df,af5c5746-04e8-42ab-9610-b12f0d9125b1-Maratón,athlete_id,"['str', 'int']",0,0,"[8250, '8250', 904, '904', 6776, '6776', 7240, '7240', 8354, '8354']","{'str': ['8250', '904', '6776'], 'int': [8250, 904, 6776]}"
issues_df,af5c5746-04e8-42ab-9610-b12f0d9125b1-Maratón,event_id,['str'],0,0,['Maratón'],{'str': ['Maratón']}
issues_df,af5c5746-04e8-42ab-9610-b12f0d9125b1-Maratón,issue_id,['str'],0,0,"['b9679bf0-eeae-11ef-8d6b-2d20f644acaf', 'c13b2120-eeaf-11ef-8d6b-2d20f644acaf', 'bbf0c190-eedf-11ef-aefd-4527d5007596', '05cca970-f1b8-11ef-b5fd-bf8734a7469a', '099faa70-f1b8-11ef-9681-733b5a1624ca', '7b89e260-f1c5-11ef-b5ab-7579202c6cfd', '0c9d8f30-f05a-11ef-bbbc-35143f66ea59', '59f391b0-f1c9-11ef-b5ab-7579202c6cfd', '12a34300-f1ec-11ef-bc25-9fbe5786f204', 'ea0ab3c0-f1d6-11ef-8383-3976fbc3433a']","{'str': ['b9679bf0-eeae-11ef-8d6b-2d20f644acaf', 'c13b2120-eeaf-11ef-8d6b-2d20f644acaf', 'bbf0c190-eedf-11ef-aefd-4527d5007596']}"
issues_df,af5c5746-04e8-42ab-9610-b12f0d9125b1-Maratón,race_id,['str'],0,0,['af5c5746-04e8-42ab-9610-b12f0d9125b1'],{'str': ['af5c5746-04e8-42ab-9610-b12f0d9125b1']}
issues_df,af5c5746-04e8-42ab-9610-b12f0d9125b1-Maratón,time,['Timestamp'],0,0,"[Timestamp('2025-02-19 10:46:07.407000'), Timestamp('2025-02-19 10:53:30.034000'), Timestamp('2025-02-19 16:36:57.001000'), Timestamp('2025-02-23 07:30:14.535000'), Timestamp('2025-02-23 07:30:20.963000'), Timestamp('2025-02-23 09:06:35.526000'), Timestamp('2025-02-21 13:45:02.115000'), Timestamp('2025-02-23 09:34:17.163000'), Timestamp('2025-02-23 13:42:49.904000'), Timestamp('2025-02-23 11:11:22.364000')]","{'Timestamp': [Timestamp('2025-02-19 10:46:07.407000'), Timestamp('2025-02-19 10:53:30.034000'), Timestamp('2025-02-19 16:36:57.001000')]}"
issues_df,af5c5746-04e8-42ab-9610-b12f0d9125b1-Maratón,type,['str'],0,0,"['changeRanking', 'changeStatus', 'athleteTime']","{'str': ['changeRanking', 'changeStatus', 'athleteTime']}"
issues_df,af5c5746-04e8-42ab-9610-b12f0d9125b1-Maratón,event_std,['str'],0,0,['maraton'],{'str': ['maraton']}
issues_df,af5c5746-04e8-42ab-9610-b12f0d9125b1-Maratón Silla de Ruedas,athlete_id,['str'],0,0,"['407', '404', '408', '414', '413', '412', '405', '409', '410', '406']","{'str': ['407', '404', '408']}"
issues_df,af5c5746-04e8-42ab-9610-b12f0d9125b1-Maratón Silla de Ruedas,event_id,['str'],0,0,['Maratón Silla de Ruedas'],{'str': ['Maratón Silla de Ruedas']}
issues_df,af5c5746-04e8-42ab-9610-b12f0d9125b1-Maratón Silla de Ruedas,issue_id,['str'],0,0,"['dc85f350-f1b7-11ef-9681-733b5a1624ca', 'e5f73f70-f1b7-11ef-9681-733b5a1624ca']","{'str': ['dc85f350-f1b7-11ef-9681-733b5a1624ca', 'e5f73f70-f1b7-11ef-9681-733b5a1624ca']}"
issues_df,af5c5746-04e8-42ab-9610-b12f0d9125b1-Maratón Silla de Ruedas,race_id,['str'],0,0,['af5c5746-04e8-42ab-9610-b12f0d9125b1'],{'str': ['af5c5746-04e8-42ab-9610-b12f0d9125b1']}
issues_df,af5c5746-04e8-42ab-9610-b12f0d9125b1-Maratón Silla de Ruedas,time,['Timestamp'],0,0,"[Timestamp('2025-02-23 07:29:05.285000'), Timestamp('2025-02-23 07:29:21.127000')]","{'Timestamp': [Timestamp('2025-02-23 07:29:05.285000'), Timestamp('2025-02-23 07:29:21.127000')]}"
issues_df,af5c5746-04e8-42ab-9610-b12f0d9125b1-Maratón Silla de Ruedas,type,['str'],0,0,['changeRanking'],{'str': ['changeRanking']}
issues_df,af5c5746-04e8-42ab-9610-b12f0d9125b1-Maratón Silla de Ruedas,event_std,['str'],0,0,['maraton'],{'str': ['maraton']}
issues_df,af5c5746-04e8-42ab-9610-b12f0d9125b1-independiente,athlete_id,"['str', 'int']",0,0,"[8250, 6776, 7240, 8354, 6972, 12322, 1443, 9141, 7312, 14109]","{'str': ['2789509d-c8a1-5545-92c0-c48570247463', '9ea37905-4ea7-5bb5-80f3-9770c6422314', 'c7aaf1f4-9f6b-57d0-b67c-bb4fead2b4be'], 'int': [8250, 6776, 7240]}"
issues_df,af5c5746-04e8-42ab-9610-b12f0d9125b1-independiente,event_id,['str'],0,0,['independiente'],{'str': ['independiente']}
issues_df,af5c5746-04e8-42ab-9610-b12f0d9125b1-independiente,issue_id,['str'],0,0,"['503e59b0-f053-11ef-bbbc-35143f66ea59', 'fcdd20b0-f068-11ef-b218-fb61d00176ce', '86bde0a0-f116-11ef-ab52-a370d8c13a19', '9bd953e0-f100-11ef-a2c1-b9824f2d9865', '45d1c850-f13d-11ef-93f3-b5c9923149ec', '16fe0b60-f05c-11ef-825d-6b75750d6367', '8a928e40-f1e5-11ef-b566-eba78b79bb6f', '0fc32c80-f1f7-11ef-bc25-9fbe5786f204', 'd45373d0-f07a-11ef-b8ff-637d1e82c0cd', '4a737b20-f065-11ef-825d-6b75750d6367']","{'str': ['503e59b0-f053-11ef-bbbc-35143f66ea59', 'fcdd20b0-f068-11ef-b218-fb61d00176ce', '86bde0a0-f116-11ef-ab52-a370d8c13a19']}"
issues_df,af5c5746-04e8-42ab-9610-b12f0d9125b1-independiente,race_id,['str'],0,0,['af5c5746-04e8-42ab-9610-b12f0d9125b1'],{'str': ['af5c5746-04e8-42ab-9610-b12f0d9125b1']}
issues_df,af5c5746-04e8-42ab-9610-b12f0d9125b1-independiente,time,['Timestamp'],0,0,"[Timestamp('2025-02-21 12:56:49.099000'), Timestamp('2025-02-21 15:31:58.139000'), Timestamp('2025-02-22 12:14:12.394000'), Timestamp('2025-02-22 09:37:18.878000'), Timestamp('2025-02-22 16:51:33.845000'), Timestamp('2025-02-21 13:59:38.518000'), Timestamp('2025-02-23 12:56:04.644000'), Timestamp('2025-02-23 15:01:29.544000'), Timestamp('2025-02-21 17:39:41.069000'), Timestamp('2025-02-21 15:05:30.322000')]","{'Timestamp': [Timestamp('2025-02-21 12:56:49.099000'), Timestamp('2025-02-21 15:31:58.139000'), Timestamp('2025-02-22 12:14:12.394000')]}"
issues_df,af5c5746-04e8-42ab-9610-b12f0d9125b1-independiente,type,['str'],0,0,"['changeRanking', 'changeStatus', 'athleteSwap']","{'str': ['changeRanking', 'changeStatus', 'athleteSwap']}"
issues_df,af5c5746-04e8-42ab-9610-b12f0d9125b1-independiente,event_std,['str'],0,0,['independiente'],{'str': ['independiente']}
issues_data_df,609139b1-d6bd-4553-ac89-2f648787a60d-Maratón,athlete_id,"['str', 'int']",0,0,"[8250, 904, 7240, 8354, 6972, 1249, 12322, 1443, 9141, 7312]","{'str': ['3f78cb40-26d0-524f-8597-c0728734e8fb', '4bd8b912-72db-5244-82fd-0198a74b6918', '6b6ad7e3-6149-5a79-badb-5b8479a77b56'], 'int': [8250, 904, 7240]}"
issues_data_df,609139b1-d6bd-4553-ac89-2f648787a60d-Maratón,data_Camiseta Finisher,[],44320,0,[],{}
issues_data_df,609139b1-d6bd-4553-ac89-2f648787a60d-Maratón,data_Camiseta entregada,[],44320,0,[],{}
issues_data_df,609139b1-d6bd-4553-ac89-2f648787a60d-Maratón,data_Código Postal,[],44320,0,[],{}
issues_data_df,609139b1-d6bd-4553-ac89-2f648787a60d-Maratón,data_Dorsal entregado,[],44320,0,[],{}
issues_data_df,609139b1-d6bd-4553-ac89-2f648787a60d-Maratón,data_Email,[],44320,0,[],{}
issues_data_df,609139b1-d6bd-4553-ac89-2f648787a60d-Maratón,data_Emergency Phone,[],44320,0,[],{}
issues_data_df,609139b1-d6bd-4553-ac89-2f648787a60d-Maratón,data_Language,[],44320,0,[],{}
issues_data_df,609139b1-d6bd-4553-ac89-2f648787a60d-Maratón,data_Localidad,[],44320,0,[],{}
issues_data_df,609139b1-d6bd-4553-ac89-2f648787a60d-Maratón,data_Nacionalidad,[],44320,0,[],{}
issues_data_df,609139b1-d6bd-4553-ac89-2f648787a60d-Maratón,data_Pais,[],44320,0,[],{}
issues_data_df,609139b1-d6bd-4553-ac89-2f648787a60d-Maratón,data_País de residencia,[],44320,0,[],{}
issues_data_df,609139b1-d6bd-4553-ac89-2f648787a60d-Maratón,data_Pers Contacto,[],44320,0,[],{}
issues_data_df,609139b1-d6bd-4553-ac89-2f648787a60d-Maratón,data_Provincia,[],44320,0,[],{}
issues_data_df,609139b1-d6bd-4553-ac89-2f648787a60d-Maratón,data_TALLA,[],44320,0,[],{}
issues_data_df,609139b1-d6bd-4553-ac89-2f648787a60d-Maratón,data_Talla,[],44320,0,[],{}
issues_data_df,609139b1-d6bd-4553-ac89-2f648787a60d-Maratón,data_Telf Emergencia,[],44320,0,[],{}
issues_data_df,609139b1-d6bd-4553-ac89-2f648787a60d-Maratón,data_Teléfono emergencia,[],44320,0,[],{}
issues_data_df,609139b1-d6bd-4553-ac89-2f648787a60d-Maratón,data_birthdate,[],44320,0,[],{}
issues_data_df,609139b1-d6bd-4553-ac89-2f648787a60d-Maratón,data_category,[],44320,0,[],{}
issues_data_df,609139b1-d6bd-4553-ac89-2f648787a60d-Maratón,data_club,['str'],38416,86,"['G.D.R SÃO FRANCISCO DA SERRA', 'CHESTER TRIATHLON CLUB', 'CARPE DIAM', 'CA TRIVALLE', 'IMPACT TRI', '', 'CORREDORES DE PARQUE SUR', 'CLUB DEPORTIVO GETAFE', 'WIKABOO', 'RUNNERS COPS']","{'str': ['G.D.R SÃO FRANCISCO DA SERRA', 'CHESTER TRIATHLON CLUB', 'CARPE DIAM']}"
issues_data_df,609139b1-d6bd-4553-ac89-2f648787a60d-Maratón,data_comments,[],44320,0,[],{}
issues_data_df,609139b1-d6bd-4553-ac89-2f648787a60d-Maratón,data_document,[],44320,0,[],{}
issues_data_df,609139b1-d6bd-4553-ac89-2f648787a60d-Maratón,data_dorsal,[],44320,0,[],{}
issues_data_df,609139b1-d6bd-4553-ac89-2f648787a60d-Maratón,data_e-mail,[],44320,0,[],{}
issues_data_df,609139b1-d6bd-4553-ac89-2f648787a60d-Maratón,data_event,[],44320,0,[],{}
issues_data_df,609139b1-d6bd-4553-ac89-2f648787a60d-Maratón,data_gender,['str'],44319,0,['male'],{'str': ['male']}
issues_data_df,609139b1-d6bd-4553-ac89-2f648787a60d-Maratón,data_gunTime,[],44320,0,[],{}
issues_data_df,609139b1-d6bd-4553-ac89-2f648787a60d-Maratón,data_name,['str'],32040,0,"['JUAN JESUS', 'EUCLIDES TEIXEIRAS RAMOS', 'EDWARD', 'NICKY', 'MANUEL JOSE', 'SALVADOR JOSE', 'MICHAEL', 'ASHLEY', 'JAVIER', 'JOSE ANTONIO']","{'str': ['JUAN JESUS', 'EUCLIDES TEIXEIRAS RAMOS', 'EDWARD']}"
issues_data_df,609139b1-d6bd-4553-ac89-2f648787a60d-Maratón,data_nationality,[],44320,0,[],{}
issues_data_df,609139b1-d6bd-4553-ac89-2f648787a60d-Maratón,data_phone,[],44320,0,[],{}
issues_data_df,609139b1-d6bd-4553-ac89-2f648787a60d-Maratón,data_status,[],44320,0,[],{}
issues_data_df,609139b1-d6bd-4553-ac89-2f648787a60d-Maratón,data_statusNote,[],44320,0,[],{}
issues_data_df,609139b1-d6bd-4553-ac89-2f648787a60d-Maratón,data_surname,['str'],32040,0,"['GARCIA MEJIAS', 'ALMEIDA', 'AUSTIN', 'BENNETT', 'MIGUEL PUERTO', 'MARTIN PADILLA', 'MCALEAVEY', 'POWELL', 'SANZ MONTERO', 'RODRIGUEZ GARCIA']","{'str': ['GARCIA MEJIAS', 'ALMEIDA', 'AUSTIN']}"
issues_data_df,609139b1-d6bd-4553-ac89-2f648787a60d-Maratón,data_team,[],44320,0,[],{}
issues_data_df,609139b1-d6bd-4553-ac89-2f648787a60d-Maratón,data_user_id,[],44320,0,[],{}
issues_data_df,609139b1-d6bd-4553-ac89-2f648787a60d-Maratón,data_wave,[],44320,0,[],{}
issues_data_df,609139b1-d6bd-4553-ac89-2f648787a60d-Maratón,event_id,['str'],0,0,['Maratón'],{'str': ['Maratón']}
issues_data_df,609139b1-d6bd-4553-ac89-2f648787a60d-Maratón,issue_id,['str'],0,0,"['e419ddf0-cdb1-11ee-a1fd-537e845a4030', '92924bb0-ce2f-11ee-8008-917783ce6496', 'f3acfaa0-ce41-11ee-bd89-f93a4314e6fb', 'ee1a27e0-cce6-11ee-bf1d-9b6170712c3f', '8e9951b0-ce67-11ee-ae80-695a7ed66b6d', 'dd358ef0-ce59-11ee-83f0-ad47679acfd8', '829d5950-ce36-11ee-a91c-3bfaa31c6ceb', '40cb3680-ce4c-11ee-a471-31ea3d047657', '5ca11240-ce41-11ee-bd89-f93a4314e6fb', '46f77340-cf1c-11ee-ab91-194f7a5565c2']","{'str': ['e419ddf0-cdb1-11ee-a1fd-537e845a4030', '92924bb0-ce2f-11ee-8008-917783ce6496', 'f3acfaa0-ce41-11ee-bd89-f93a4314e6fb']}"
issues_data_df,609139b1-d6bd-4553-ac89-2f648787a60d-Maratón,race_id,['str'],0,0,['609139b1-d6bd-4553-ac89-2f648787a60d'],{'str': ['609139b1-d6bd-4553-ac89-2f648787a60d']}
issues_data_df,609139b1-d6bd-4553-ac89-2f648787a60d-Maratón,event_std,['str'],0,0,['maraton'],{'str': ['maraton']}
issues_data_df,609139b1-d6bd-4553-ac89-2f648787a60d-Maratón Silla de Ruedas,athlete_id,['int'],0,0,"[473, 491, 478, 474, 480, 481, 476, 479, 472, 475]","{'int': [473, 491, 478]}"
issues_data_df,609139b1-d6bd-4553-ac89-2f648787a60d-Maratón Silla de Ruedas,data_Camiseta Finisher,[],15,0,[],{}
issues_data_df,609139b1-d6bd-4553-ac89-2f648787a60d-Maratón Silla de Ruedas,data_Camiseta entregada,[],15,0,[],{}
issues_data_df,609139b1-d6bd-4553-ac89-2f648787a60d-Maratón Silla de Ruedas,data_Código Postal,[],15,0,[],{}
issues_data_df,609139b1-d6bd-4553-ac89-2f648787a60d-Maratón Silla de Ruedas,data_Dorsal entregado,[],15,0,[],{}
issues_data_df,609139b1-d6bd-4553-ac89-2f648787a60d-Maratón Silla de Ruedas,data_Email,[],15,0,[],{}
issues_data_df,609139b1-d6bd-4553-ac89-2f648787a60d-Maratón Silla de Ruedas,data_Emergency Phone,[],15,0,[],{}
issues_data_df,609139b1-d6bd-4553-ac89-2f648787a60d-Maratón Silla de Ruedas,data_Language,[],15,0,[],{}
issues_data_df,609139b1-d6bd-4553-ac89-2f648787a60d-Maratón Silla de Ruedas,data_Localidad,[],15,0,[],{}
issues_data_df,609139b1-d6bd-4553-ac89-2f648787a60d-Maratón Silla de Ruedas,data_Nacionalidad,[],15,0,[],{}
issues_data_df,609139b1-d6bd-4553-ac89-2f648787a60d-Maratón Silla de Ruedas,data_Pais,[],15,0,[],{}
issues_data_df,609139b1-d6bd-4553-ac89-2f648787a60d-Maratón Silla de Ruedas,data_País de residencia,[],15,0,[],{}
issues_data_df,609139b1-d6bd-4553-ac89-2f648787a60d-Maratón Silla de Ruedas,data_Pers Contacto,[],15,0,[],{}
issues_data_df,609139b1-d6bd-4553-ac89-2f648787a60d-Maratón Silla de Ruedas,data_Provincia,[],15,0,[],{}
issues_data_df,609139b1-d6bd-4553-ac89-2f648787a60d-Maratón Silla de Ruedas,data_TALLA,[],15,0,[],{}
issues_data_df,609139b1-d6bd-4553-ac89-2f648787a60d-Maratón Silla de Ruedas,data_Talla,[],15,0,[],{}
issues_data_df,609139b1-d6bd-4553-ac89-2f648787a60d-Maratón Silla de Ruedas,data_Telf Emergencia,[],15,0,[],{}
issues_data_df,609139b1-d6bd-4553-ac89-2f648787a60d-Maratón Silla de Ruedas,data_Teléfono emergencia,[],15,0,[],{}
issues_data_df,609139b1-d6bd-4553-ac89-2f648787a60d-Maratón Silla de Ruedas,data_birthdate,[],15,0,[],{}
issues_data_df,609139b1-d6bd-4553-ac89-2f648787a60d-Maratón Silla de Ruedas,data_category,[],15,0,[],{}
issues_data_df,609139b1-d6bd-4553-ac89-2f648787a60d-Maratón Silla de Ruedas,data_club,[],15,0,[],{}
issues_data_df,609139b1-d6bd-4553-ac89-2f648787a60d-Maratón Silla de Ruedas,data_comments,[],15,0,[],{}
issues_data_df,609139b1-d6bd-4553-ac89-2f648787a60d-Maratón Silla de Ruedas,data_document,[],15,0,[],{}
issues_data_df,609139b1-d6bd-4553-ac89-2f648787a60d-Maratón Silla de Ruedas,data_dorsal,[],15,0,[],{}
issues_data_df,609139b1-d6bd-4553-ac89-2f648787a60d-Maratón Silla de Ruedas,data_e-mail,[],15,0,[],{}
issues_data_df,609139b1-d6bd-4553-ac89-2f648787a60d-Maratón Silla de Ruedas,data_event,[],15,0,[],{}
issues_data_df,609139b1-d6bd-4553-ac89-2f648787a60d-Maratón Silla de Ruedas,data_gender,[],15,0,[],{}
issues_data_df,609139b1-d6bd-4553-ac89-2f648787a60d-Maratón Silla de Ruedas,data_gunTime,[],15,0,[],{}
issues_data_df,609139b1-d6bd-4553-ac89-2f648787a60d-Maratón Silla de Ruedas,data_name,[],15,0,[],{}
issues_data_df,609139b1-d6bd-4553-ac89-2f648787a60d-Maratón Silla de Ruedas,data_nationality,[],15,0,[],{}
issues_data_df,609139b1-d6bd-4553-ac89-2f648787a60d-Maratón Silla de Ruedas,data_phone,[],15,0,[],{}
issues_data_df,609139b1-d6bd-4553-ac89-2f648787a60d-Maratón Silla de Ruedas,data_status,[],15,0,[],{}
issues_data_df,609139b1-d6bd-4553-ac89-2f648787a60d-Maratón Silla de Ruedas,data_statusNote,[],15,0,[],{}
issues_data_df,609139b1-d6bd-4553-ac89-2f648787a60d-Maratón Silla de Ruedas,data_surname,[],15,0,[],{}
issues_data_df,609139b1-d6bd-4553-ac89-2f648787a60d-Maratón Silla de Ruedas,data_team,[],15,0,[],{}
issues_data_df,609139b1-d6bd-4553-ac89-2f648787a60d-Maratón Silla de Ruedas,data_user_id,[],15,0,[],{}
issues_data_df,609139b1-d6bd-4553-ac89-2f648787a60d-Maratón Silla de Ruedas,data_wave,[],15,0,[],{}
issues_data_df,609139b1-d6bd-4553-ac89-2f648787a60d-Maratón Silla de Ruedas,event_id,['str'],0,0,['Maratón Silla de Ruedas'],{'str': ['Maratón Silla de Ruedas']}
issues_data_df,609139b1-d6bd-4553-ac89-2f648787a60d-Maratón Silla de Ruedas,issue_id,['str'],0,0,"['7149a2a0-ce2f-11ee-a4bc-fb43f15126f3', '903c2c40-ce67-11ee-b399-754fd902f9ac', '0047d010-ce3c-11ee-bd89-f93a4314e6fb', 'cf32b480-f0ce-11ee-aee6-73f61c279634']","{'str': ['7149a2a0-ce2f-11ee-a4bc-fb43f15126f3', '903c2c40-ce67-11ee-b399-754fd902f9ac', '0047d010-ce3c-11ee-bd89-f93a4314e6fb']}"
issues_data_df,609139b1-d6bd-4553-ac89-2f648787a60d-Maratón Silla de Ruedas,race_id,['str'],0,0,['609139b1-d6bd-4553-ac89-2f648787a60d'],{'str': ['609139b1-d6bd-4553-ac89-2f648787a60d']}
issues_data_df,609139b1-d6bd-4553-ac89-2f648787a60d-Maratón Silla de Ruedas,event_std,['str'],0,0,['maraton'],{'str': ['maraton']}
issues_data_df,609139b1-d6bd-4553-ac89-2f648787a60d-independiente,athlete_id,"['str', 'int']",0,0,"['3f78cb40-26d0-524f-8597-c0728734e8fb', '4bd8b912-72db-5244-82fd-0198a74b6918', 2816, 3030, 3955, 4870, 13022, 3692, 2143, 79]","{'str': ['3f78cb40-26d0-524f-8597-c0728734e8fb', '4bd8b912-72db-5244-82fd-0198a74b6918', 'e4a4a780-6f93-5d5d-9ba8-998d0477a06c'], 'int': [2816, 3030, 3955]}"
issues_data_df,609139b1-d6bd-4553-ac89-2f648787a60d-independiente,data_Camiseta Finisher,[],385,0,[],{}
issues_data_df,609139b1-d6bd-4553-ac89-2f648787a60d-independiente,data_Camiseta entregada,[],385,0,[],{}
issues_data_df,609139b1-d6bd-4553-ac89-2f648787a60d-independiente,data_Código Postal,['str'],384,0,['46015'],{'str': ['46015']}
issues_data_df,609139b1-d6bd-4553-ac89-2f648787a60d-independiente,data_Dorsal entregado,[],385,0,[],{}
issues_data_df,609139b1-d6bd-4553-ac89-2f648787a60d-independiente,data_Email,[],385,0,[],{}
issues_data_df,609139b1-d6bd-4553-ac89-2f648787a60d-independiente,data_Emergency Phone,[],385,0,[],{}
issues_data_df,609139b1-d6bd-4553-ac89-2f648787a60d-independiente,data_Language,['str'],368,0,"['ES', 'EN']","{'str': ['ES', 'EN']}"
issues_data_df,609139b1-d6bd-4553-ac89-2f648787a60d-independiente,data_Localidad,['str'],380,0,"['Malaga', 'Madrid', 'VALENCIA', 'Valencia']","{'str': ['Malaga', 'Madrid', 'VALENCIA']}"
issues_data_df,609139b1-d6bd-4553-ac89-2f648787a60d-independiente,data_Nacionalidad,[],385,0,[],{}
issues_data_df,609139b1-d6bd-4553-ac89-2f648787a60d-independiente,data_Pais,['str'],380,0,"['PERÚ', 'España', 'Marruecos']","{'str': ['PERÚ', 'España', 'Marruecos']}"
issues_data_df,609139b1-d6bd-4553-ac89-2f648787a60d-independiente,data_País de residencia,['str'],382,0,"['Marruecos', 'ESPAÑA', 'España']","{'str': ['Marruecos', 'ESPAÑA', 'España']}"
issues_data_df,609139b1-d6bd-4553-ac89-2f648787a60d-independiente,data_Pers Contacto,[],385,0,[],{}
issues_data_df,609139b1-d6bd-4553-ac89-2f648787a60d-independiente,data_Provincia,['str'],381,0,"['Malaga', 'Madrid', 'VALENCIA', 'Valencia']","{'str': ['Malaga', 'Madrid', 'VALENCIA']}"
issues_data_df,609139b1-d6bd-4553-ac89-2f648787a60d-independiente,data_TALLA,['str'],383,0,"['M', 'M-Hombre']","{'str': ['M', 'M-Hombre']}"
issues_data_df,609139b1-d6bd-4553-ac89-2f648787a60d-independiente,data_Talla,[],385,0,[],{}
issues_data_df,609139b1-d6bd-4553-ac89-2f648787a60d-independiente,data_Telf Emergencia,[],385,0,[],{}
issues_data_df,609139b1-d6bd-4553-ac89-2f648787a60d-independiente,data_Teléfono emergencia,['str'],383,0,"['630466419', '+36306646640']","{'str': ['630466419', '+36306646640']}"
issues_data_df,609139b1-d6bd-4553-ac89-2f648787a60d-independiente,data_birthdate,['Timestamp'],374,0,"[Timestamp('1984-07-09 00:00:00'), Timestamp('1975-12-05 00:00:00'), Timestamp('2003-05-07 00:00:00'), Timestamp('1979-01-25 00:00:00'), Timestamp('1963-03-03 00:00:00'), Timestamp('1978-03-27 00:00:00'), Timestamp('1985-05-03 00:00:00'), Timestamp('1975-11-20 00:00:00'), Timestamp('1962-07-23 00:00:00'), Timestamp('1991-08-05 00:00:00')]","{'Timestamp': [Timestamp('1984-07-09 00:00:00'), Timestamp('1975-12-05 00:00:00'), Timestamp('2003-05-07 00:00:00')]}"
issues_data_df,609139b1-d6bd-4553-ac89-2f648787a60d-independiente,data_category,[],385,0,[],{}
issues_data_df,609139b1-d6bd-4553-ac89-2f648787a60d-independiente,data_club,['str'],366,0,"['AEFAT', 'ATLETISMO ALBACETE', 'CARROS DE FUEGO', 'CDA CAMAS', 'TRILHOS DO COSTUME', 'CD RUN&FIT CHICLANA', 'BCNMAD TRIATLON']","{'str': ['AEFAT', 'ATLETISMO ALBACETE', 'CARROS DE FUEGO']}"
issues_data_df,609139b1-d6bd-4553-ac89-2f648787a60d-independiente,data_comments,['str'],382,0,['Compromiso Yomury'],{'str': ['Compromiso Yomury']}
issues_data_df,609139b1-d6bd-4553-ac89-2f648787a60d-independiente,data_document,['str'],376,0,"['2893100V', '10532961', '54124301B', '51733215M', '70987815v', '30680856Y', '48931322H', '3206747433', '0051001Y']","{'str': ['2893100V', '10532961', '54124301B']}"
issues_data_df,609139b1-d6bd-4553-ac89-2f648787a60d-independiente,data_dorsal,[],385,0,[],{}
issues_data_df,609139b1-d6bd-4553-ac89-2f648787a60d-independiente,data_e-mail,['str'],384,0,['dani_maac@hotmail.com'],{'str': ['dani_maac@hotmail.com']}
issues_data_df,609139b1-d6bd-4553-ac89-2f648787a60d-independiente,data_event,[],385,0,[],{}
issues_data_df,609139b1-d6bd-4553-ac89-2f648787a60d-independiente,data_gender,['str'],376,0,"['male', 'female']","{'str': ['male', 'female']}"
issues_data_df,609139b1-d6bd-4553-ac89-2f648787a60d-independiente,data_gunTime,[],385,0,[],{}
issues_data_df,609139b1-d6bd-4553-ac89-2f648787a60d-independiente,data_name,['str'],361,0,"['JOSE CARLOS', 'Herrmann', 'Max', 'Sergio', 'ZAIDA', 'FRANCISCO JAVIER', 'Rodolfo', 'RODOLFO', 'Alon', 'Jose Luis']","{'str': ['JOSE CARLOS', 'Herrmann', 'Max']}"
issues_data_df,609139b1-d6bd-4553-ac89-2f648787a60d-independiente,data_nationality,['str'],357,0,"['Peruan', 'ESP', 'ITA', 'ES', 'Marruecos', 'KEN', 'GBR', 'MEX']","{'str': ['Peruan', 'ESP', 'ITA']}"
issues_data_df,609139b1-d6bd-4553-ac89-2f648787a60d-independiente,data_phone,['str'],383,0,"['625245560', '654037363']","{'str': ['625245560', '654037363']}"
issues_data_df,609139b1-d6bd-4553-ac89-2f648787a60d-independiente,data_status,[],385,0,[],{}
issues_data_df,609139b1-d6bd-4553-ac89-2f648787a60d-independiente,data_statusNote,['str'],368,0,['RT.55.10'],{'str': ['RT.55.10']}
issues_data_df,609139b1-d6bd-4553-ac89-2f648787a60d-independiente,data_surname,['str'],358,0,"['PAREDES MEDINA', 'GARCIA NAVARRO', 'Thoralf', 'Ven Santen', 'Van Santen', 'Pires', 'SANTANA PEÑA', 'JIMENEZ MANZANO', 'MARTIN-VILLA', 'MARTIN VILLA']","{'str': ['PAREDES MEDINA', 'GARCIA NAVARRO', 'Thoralf']}"
issues_data_df,609139b1-d6bd-4553-ac89-2f648787a60d-independiente,data_team,[],385,0,[],{}
issues_data_df,609139b1-d6bd-4553-ac89-2f648787a60d-independiente,data_user_id,[],385,0,[],{}
issues_data_df,609139b1-d6bd-4553-ac89-2f648787a60d-independiente,data_wave,[],385,0,[],{}
issues_data_df,609139b1-d6bd-4553-ac89-2f648787a60d-independiente,event_id,['str'],0,0,['independiente'],{'str': ['independiente']}
issues_data_df,609139b1-d6bd-4553-ac89-2f648787a60d-independiente,issue_id,['str'],0,0,"['adf5afb0-cce9-11ee-a235-431f9746a5b1', '0fc61f40-ccea-11ee-a235-431f9746a5b1', '2c8e55c0-cd99-11ee-a81a-739d09f518bd', 'a0f87e80-ccb9-11ee-bae3-ed02110cc0ce', 'df5eae20-d096-11ee-9cc1-8348dba7d84c', '5653c170-ce4c-11ee-a471-31ea3d047657', '27237140-ce4a-11ee-a672-ef1696a2511d', 'c2450eb0-cea7-11ee-a86b-ad1cda081dfb', '95160e70-cd81-11ee-ad6d-c19eda286a77', 'd6e23ec0-d095-11ee-af2c-3ffb99949752']","{'str': ['adf5afb0-cce9-11ee-a235-431f9746a5b1', '0fc61f40-ccea-11ee-a235-431f9746a5b1', '2c8e55c0-cd99-11ee-a81a-739d09f518bd']}"
issues_data_df,609139b1-d6bd-4553-ac89-2f648787a60d-independiente,race_id,['str'],0,0,['609139b1-d6bd-4553-ac89-2f648787a60d'],{'str': ['609139b1-d6bd-4553-ac89-2f648787a60d']}
issues_data_df,609139b1-d6bd-4553-ac89-2f648787a60d-independiente,event_std,['str'],0,0,['independiente'],{'str': ['independiente']}
issues_data_df,72a81045-fb27-43e6-a201-b1d42be42fac-Maratón,athlete_id,"['str', 'int']",0,0,"['351', '3256', '10705', '11440', '7708', '10966', '1531', '655', '9915', '4636']","{'str': ['351', '3256', '10705'], 'int': [6, 5]}"
issues_data_df,72a81045-fb27-43e6-a201-b1d42be42fac-Maratón,data_Camiseta Finisher,[],48,0,[],{}
issues_data_df,72a81045-fb27-43e6-a201-b1d42be42fac-Maratón,data_Camiseta entregada,[],48,0,[],{}
issues_data_df,72a81045-fb27-43e6-a201-b1d42be42fac-Maratón,data_Código Postal,[],48,0,[],{}
issues_data_df,72a81045-fb27-43e6-a201-b1d42be42fac-Maratón,data_Dorsal entregado,[],48,0,[],{}
issues_data_df,72a81045-fb27-43e6-a201-b1d42be42fac-Maratón,data_Email,[],48,0,[],{}
issues_data_df,72a81045-fb27-43e6-a201-b1d42be42fac-Maratón,data_Emergency Phone,[],48,0,[],{}
issues_data_df,72a81045-fb27-43e6-a201-b1d42be42fac-Maratón,data_Language,[],48,0,[],{}
issues_data_df,72a81045-fb27-43e6-a201-b1d42be42fac-Maratón,data_Localidad,[],48,0,[],{}
issues_data_df,72a81045-fb27-43e6-a201-b1d42be42fac-Maratón,data_Nacionalidad,[],48,0,[],{}
issues_data_df,72a81045-fb27-43e6-a201-b1d42be42fac-Maratón,data_Pais,[],48,0,[],{}
issues_data_df,72a81045-fb27-43e6-a201-b1d42be42fac-Maratón,data_País de residencia,[],48,0,[],{}
issues_data_df,72a81045-fb27-43e6-a201-b1d42be42fac-Maratón,data_Pers Contacto,[],48,0,[],{}
issues_data_df,72a81045-fb27-43e6-a201-b1d42be42fac-Maratón,data_Provincia,[],48,0,[],{}
issues_data_df,72a81045-fb27-43e6-a201-b1d42be42fac-Maratón,data_TALLA,[],48,0,[],{}
issues_data_df,72a81045-fb27-43e6-a201-b1d42be42fac-Maratón,data_Talla,[],48,0,[],{}
issues_data_df,72a81045-fb27-43e6-a201-b1d42be42fac-Maratón,data_Telf Emergencia,[],48,0,[],{}
issues_data_df,72a81045-fb27-43e6-a201-b1d42be42fac-Maratón,data_Teléfono emergencia,[],48,0,[],{}
issues_data_df,72a81045-fb27-43e6-a201-b1d42be42fac-Maratón,data_birthdate,[],48,0,[],{}
issues_data_df,72a81045-fb27-43e6-a201-b1d42be42fac-Maratón,data_category,[],48,0,[],{}
issues_data_df,72a81045-fb27-43e6-a201-b1d42be42fac-Maratón,data_club,[],48,0,[],{}
issues_data_df,72a81045-fb27-43e6-a201-b1d42be42fac-Maratón,data_comments,[],48,0,[],{}
issues_data_df,72a81045-fb27-43e6-a201-b1d42be42fac-Maratón,data_document,[],48,0,[],{}
issues_data_df,72a81045-fb27-43e6-a201-b1d42be42fac-Maratón,data_dorsal,[],48,0,[],{}
issues_data_df,72a81045-fb27-43e6-a201-b1d42be42fac-Maratón,data_e-mail,[],48,0,[],{}
issues_data_df,72a81045-fb27-43e6-a201-b1d42be42fac-Maratón,data_event,[],48,0,[],{}
issues_data_df,72a81045-fb27-43e6-a201-b1d42be42fac-Maratón,data_gender,[],48,0,[],{}
issues_data_df,72a81045-fb27-43e6-a201-b1d42be42fac-Maratón,data_gunTime,[],48,0,[],{}
issues_data_df,72a81045-fb27-43e6-a201-b1d42be42fac-Maratón,data_name,[],48,0,[],{}
issues_data_df,72a81045-fb27-43e6-a201-b1d42be42fac-Maratón,data_nationality,[],48,0,[],{}
issues_data_df,72a81045-fb27-43e6-a201-b1d42be42fac-Maratón,data_phone,[],48,0,[],{}
issues_data_df,72a81045-fb27-43e6-a201-b1d42be42fac-Maratón,data_status,[],48,0,[],{}
issues_data_df,72a81045-fb27-43e6-a201-b1d42be42fac-Maratón,data_statusNote,[],48,0,[],{}
issues_data_df,72a81045-fb27-43e6-a201-b1d42be42fac-Maratón,data_surname,[],48,0,[],{}
issues_data_df,72a81045-fb27-43e6-a201-b1d42be42fac-Maratón,data_team,[],48,0,[],{}
issues_data_df,72a81045-fb27-43e6-a201-b1d42be42fac-Maratón,data_user_id,[],48,0,[],{}
issues_data_df,72a81045-fb27-43e6-a201-b1d42be42fac-Maratón,data_wave,[],48,0,[],{}
issues_data_df,72a81045-fb27-43e6-a201-b1d42be42fac-Maratón,event_id,['str'],0,0,['Maratón'],{'str': ['Maratón']}
issues_data_df,72a81045-fb27-43e6-a201-b1d42be42fac-Maratón,issue_id,['str'],0,0,"['f41eae90-d0ba-11ee-837d-a3d1e8fcf7e7', '816f9470-d0b7-11ee-a61e-c5d970642c85', '9472d410-d0b7-11ee-a61e-c5d970642c85', 'eb8ea210-d0b7-11ee-a61e-c5d970642c85', '01141fc0-d0b8-11ee-a61e-c5d970642c85', '275d7460-d0b8-11ee-a61e-c5d970642c85', '61614ab0-d0b8-11ee-a61e-c5d970642c85', '660e7f10-d0b8-11ee-a61e-c5d970642c85', '70c172f0-d0b8-11ee-a61e-c5d970642c85', '7e04fcc0-d0b8-11ee-a61e-c5d970642c85']","{'str': ['f41eae90-d0ba-11ee-837d-a3d1e8fcf7e7', '816f9470-d0b7-11ee-a61e-c5d970642c85', '9472d410-d0b7-11ee-a61e-c5d970642c85']}"
issues_data_df,72a81045-fb27-43e6-a201-b1d42be42fac-Maratón,race_id,['str'],0,0,['72a81045-fb27-43e6-a201-b1d42be42fac'],{'str': ['72a81045-fb27-43e6-a201-b1d42be42fac']}
issues_data_df,72a81045-fb27-43e6-a201-b1d42be42fac-Maratón,event_std,['str'],0,0,['maraton'],{'str': ['maraton']}
issues_data_df,72a81045-fb27-43e6-a201-b1d42be42fac-independiente,athlete_id,"['str', 'int']",0,0,"[904, '904', '8250', 6776, '6776', 7240, '7240', 8354, '8354', '6972']","{'str': ['904', '8250', '6776'], 'int': [904, 6776, 7240]}"
issues_data_df,72a81045-fb27-43e6-a201-b1d42be42fac-independiente,data_Camiseta Finisher,[],20436,0,[],{}
issues_data_df,72a81045-fb27-43e6-a201-b1d42be42fac-independiente,data_Camiseta entregada,[],20436,0,[],{}
issues_data_df,72a81045-fb27-43e6-a201-b1d42be42fac-independiente,data_Código Postal,[],20436,0,[],{}
issues_data_df,72a81045-fb27-43e6-a201-b1d42be42fac-independiente,data_Dorsal entregado,[],20436,0,[],{}
issues_data_df,72a81045-fb27-43e6-a201-b1d42be42fac-independiente,data_Email,['str'],20434,0,"['rachid1casa2014@gmail.com', 'wiki35@hotmail.com']","{'str': ['rachid1casa2014@gmail.com', 'wiki35@hotmail.com']}"
issues_data_df,72a81045-fb27-43e6-a201-b1d42be42fac-independiente,data_Emergency Phone,[],20436,0,[],{}
issues_data_df,72a81045-fb27-43e6-a201-b1d42be42fac-independiente,data_Language,[],20436,0,[],{}
issues_data_df,72a81045-fb27-43e6-a201-b1d42be42fac-independiente,data_Localidad,[],20436,0,[],{}
issues_data_df,72a81045-fb27-43e6-a201-b1d42be42fac-independiente,data_Nacionalidad,[],20436,0,[],{}
issues_data_df,72a81045-fb27-43e6-a201-b1d42be42fac-independiente,data_Pais,['str'],20434,0,"['Ecuador', 'España']","{'str': ['Ecuador', 'España']}"
issues_data_df,72a81045-fb27-43e6-a201-b1d42be42fac-independiente,data_País de residencia,['str'],20435,0,['Bélgica'],{'str': ['Bélgica']}
issues_data_df,72a81045-fb27-43e6-a201-b1d42be42fac-independiente,data_Pers Contacto,['str'],20435,0,['Vanesa'],{'str': ['Vanesa']}
issues_data_df,72a81045-fb27-43e6-a201-b1d42be42fac-independiente,data_Provincia,[],20436,0,[],{}
issues_data_df,72a81045-fb27-43e6-a201-b1d42be42fac-independiente,data_TALLA,[],20436,0,[],{}
issues_data_df,72a81045-fb27-43e6-a201-b1d42be42fac-independiente,data_Talla,[],20436,0,[],{}
issues_data_df,72a81045-fb27-43e6-a201-b1d42be42fac-independiente,data_Telf Emergencia,['str'],20434,0,"['605721884', '619553856']","{'str': ['605721884', '619553856']}"
issues_data_df,72a81045-fb27-43e6-a201-b1d42be42fac-independiente,data_Teléfono emergencia,[],20436,0,[],{}
issues_data_df,72a81045-fb27-43e6-a201-b1d42be42fac-independiente,data_birthdate,['Timestamp'],20429,0,"[Timestamp('1974-09-03 00:00:00'), Timestamp('2004-04-22 00:00:00'), Timestamp('1989-12-08 00:00:00'), Timestamp('1953-01-03 00:00:00'), Timestamp('1993-01-22 00:00:00'), Timestamp('1991-05-15 00:00:00'), Timestamp('1998-04-02 00:00:00')]","{'Timestamp': [Timestamp('1974-09-03 00:00:00'), Timestamp('2004-04-22 00:00:00'), Timestamp('1989-12-08 00:00:00')]}"
issues_data_df,72a81045-fb27-43e6-a201-b1d42be42fac-independiente,data_category,['str'],20398,0,"['M45', 'W55', 'Masculino', 'M40', 'SENIOR M', 'JUNIOR M', 'Femenino', 'SENIOR W', 'W70', 'M35']","{'str': ['M45', 'W55', 'Masculino']}"
issues_data_df,72a81045-fb27-43e6-a201-b1d42be42fac-independiente,data_club,['str'],20401,0,"['CDA CAMAS', 'PARREAUX DES AVOCATS RABAT', 'GREEN POWER SPORTS TEAM', 'INDEPENDIENTE']","{'str': ['CDA CAMAS', 'PARREAUX DES AVOCATS RABAT', 'GREEN POWER SPORTS TEAM']}"
issues_data_df,72a81045-fb27-43e6-a201-b1d42be42fac-independiente,data_comments,['str'],20434,0,"['Ante la duda; cuarentena', 'Notificar si aparece el 1504']","{'str': ['Ante la duda; cuarentena', 'Notificar si aparece el 1504']}"
issues_data_df,72a81045-fb27-43e6-a201-b1d42be42fac-independiente,data_document,['str'],20434,0,"['ZO1252180', '60069763L']","{'str': ['ZO1252180', '60069763L']}"
issues_data_df,72a81045-fb27-43e6-a201-b1d42be42fac-independiente,data_dorsal,['str'],20274,0,"['1919', '1519', '10488', '10485', '1928', '10484', '10472', '1896', '10489', '1921']","{'str': ['1919', '1519', '10488']}"
issues_data_df,72a81045-fb27-43e6-a201-b1d42be42fac-independiente,data_e-mail,[],20436,0,[],{}
issues_data_df,72a81045-fb27-43e6-a201-b1d42be42fac-independiente,data_event,[],20436,0,[],{}
issues_data_df,72a81045-fb27-43e6-a201-b1d42be42fac-independiente,data_gender,['str'],20424,0,"['female', 'male']","{'str': ['female', 'male']}"
issues_data_df,72a81045-fb27-43e6-a201-b1d42be42fac-independiente,data_gunTime,['str'],8894,0,"['2023-02-19T07:30:05.988Z', '2023-02-19T07:29:04.986Z', '2023-02-18T15:30:00.000Z', '2023-02-18T15:32:18.230Z', '2023-02-19T07:30:00.000Z']","{'str': ['2023-02-19T07:30:05.988Z', '2023-02-19T07:29:04.986Z', '2023-02-18T15:30:00.000Z']}"
issues_data_df,72a81045-fb27-43e6-a201-b1d42be42fac-independiente,data_name,['str'],20418,10,"['', 'Rachid', 'OSCAR', 'BÜSRA', 'LILIANA MARIA', 'PATRÍCIA', 'NATÁLIA', 'BRUNO RAFAEL', 'HENRIQUE EMANUEL']","{'str': ['', 'Rachid', 'OSCAR']}"
issues_data_df,72a81045-fb27-43e6-a201-b1d42be42fac-independiente,data_nationality,['str'],20434,0,"['Ecuador', 'ESP']","{'str': ['Ecuador', 'ESP']}"
issues_data_df,72a81045-fb27-43e6-a201-b1d42be42fac-independiente,data_phone,['str'],20434,0,"['0661364913', '647743497']","{'str': ['0661364913', '647743497']}"
issues_data_df,72a81045-fb27-43e6-a201-b1d42be42fac-independiente,data_status,['str'],19020,0,"['retired', 'quarantine', 'disqualified']","{'str': ['retired', 'quarantine', 'disqualified']}"
issues_data_df,72a81045-fb27-43e6-a201-b1d42be42fac-independiente,data_statusNote,['str'],20377,0,['DQ  RT55.10'],{'str': ['DQ  RT55.10']}
issues_data_df,72a81045-fb27-43e6-a201-b1d42be42fac-independiente,data_surname,['str'],20415,0,"['IZQUIERDO ELIZO ', 'Drief', 'TIZÓN VÁZQUEZ', 'LAGÜENS GALLEGO', 'RIVERA MOREJON', 'VLASSENROOT', 'XAVIER FONSECA DA SILVA', 'MUÑOZ BARROSO', 'ALKANOGLU', 'TOYOS FERNANDEZ']","{'str': ['IZQUIERDO ELIZO ', 'Drief', 'TIZÓN VÁZQUEZ']}"
issues_data_df,72a81045-fb27-43e6-a201-b1d42be42fac-independiente,data_team,['str'],14511,0,"['CLUBE RAQUEL CABAÇO', 'BC TEAM', 'CAN CALCOHOTELS', 'OPENRUNNERS', 'FAGERHULT', 'CDA CAMAS', 'LAAC TWENTE', 'EQUIPE 10K', '3NORTH', 'LOS INDEPENDIENTES']","{'str': ['CLUBE RAQUEL CABAÇO', 'BC TEAM', 'CAN CALCOHOTELS']}"
issues_data_df,72a81045-fb27-43e6-a201-b1d42be42fac-independiente,data_user_id,[],20436,0,[],{}
issues_data_df,72a81045-fb27-43e6-a201-b1d42be42fac-independiente,data_wave,[],20436,0,[],{}
issues_data_df,72a81045-fb27-43e6-a201-b1d42be42fac-independiente,event_id,['str'],0,0,['independiente'],{'str': ['independiente']}
issues_data_df,72a81045-fb27-43e6-a201-b1d42be42fac-independiente,issue_id,['str'],0,0,"['cae101f0-b01c-11ed-8e66-894f10a55130', '3c378cc0-b027-11ed-bc27-97c41084d2d0', '7415c140-aee5-11ed-b5a0-61ee48222c61', '6cfeb210-b104-11ed-83ca-530d6ed73df8', '51caef80-b05b-11ed-adcf-5927552bed88', 'b43e1540-b03b-11ed-ba68-537e49dea274', '4b5e8750-b04d-11ed-ad25-87f69812e44a', '6dee9180-aead-11ed-979c-c5fb6d268fb5', 'aab67030-aeb5-11ed-bcd8-ff8731bd779e', 'b422b8d0-aeed-11ed-965b-3b0cabbbf768']","{'str': ['cae101f0-b01c-11ed-8e66-894f10a55130', '3c378cc0-b027-11ed-bc27-97c41084d2d0', '7415c140-aee5-11ed-b5a0-61ee48222c61']}"
issues_data_df,72a81045-fb27-43e6-a201-b1d42be42fac-independiente,race_id,['str'],0,0,['72a81045-fb27-43e6-a201-b1d42be42fac'],{'str': ['72a81045-fb27-43e6-a201-b1d42be42fac']}
issues_data_df,72a81045-fb27-43e6-a201-b1d42be42fac-independiente,event_std,['str'],0,0,['independiente'],{'str': ['independiente']}
issues_data_df,8bbfdd2e-da3d-4934-a1c5-8fbd303d4974-independiente,athlete_id,"['str', 'int']",0,0,"[1269, 4247, 4019, 8476, 2110, 7346, 5848, 4915, 8804, 5014]","{'str': ['c60cac86-40d3-5a50-b356-fc5eb0f46af9', '1cd1deb6-650c-52d1-9699-d24afe4a0a49', '8d7e5cc7-0d27-536d-a5ed-397fc1a1a08a'], 'int': [1269, 4247, 4019]}"
issues_data_df,8bbfdd2e-da3d-4934-a1c5-8fbd303d4974-independiente,data_Camiseta Finisher,[],1871,0,[],{}
issues_data_df,8bbfdd2e-da3d-4934-a1c5-8fbd303d4974-independiente,data_Camiseta entregada,[],1871,0,[],{}
issues_data_df,8bbfdd2e-da3d-4934-a1c5-8fbd303d4974-independiente,data_Código Postal,[],1871,0,[],{}
issues_data_df,8bbfdd2e-da3d-4934-a1c5-8fbd303d4974-independiente,data_Dorsal entregado,[],1871,0,[],{}
issues_data_df,8bbfdd2e-da3d-4934-a1c5-8fbd303d4974-independiente,data_Email,['str'],1870,0,['mark_toogood@yahoo.com'],{'str': ['mark_toogood@yahoo.com']}
issues_data_df,8bbfdd2e-da3d-4934-a1c5-8fbd303d4974-independiente,data_Emergency Phone,['str'],1869,0,"['605092874', '655662660']","{'str': ['605092874', '655662660']}"
issues_data_df,8bbfdd2e-da3d-4934-a1c5-8fbd303d4974-independiente,data_Language,[],1871,0,[],{}
issues_data_df,8bbfdd2e-da3d-4934-a1c5-8fbd303d4974-independiente,data_Localidad,[],1871,0,[],{}
issues_data_df,8bbfdd2e-da3d-4934-a1c5-8fbd303d4974-independiente,data_Nacionalidad,['str'],1869,0,"['Reino Unido', 'ESPAÑA']","{'str': ['Reino Unido', 'ESPAÑA']}"
issues_data_df,8bbfdd2e-da3d-4934-a1c5-8fbd303d4974-independiente,data_Pais,[],1871,0,[],{}
issues_data_df,8bbfdd2e-da3d-4934-a1c5-8fbd303d4974-independiente,data_País de residencia,[],1871,0,[],{}
issues_data_df,8bbfdd2e-da3d-4934-a1c5-8fbd303d4974-independiente,data_Pers Contacto,[],1871,0,[],{}
issues_data_df,8bbfdd2e-da3d-4934-a1c5-8fbd303d4974-independiente,data_Provincia,[],1871,0,[],{}
issues_data_df,8bbfdd2e-da3d-4934-a1c5-8fbd303d4974-independiente,data_TALLA,[],1871,0,[],{}
issues_data_df,8bbfdd2e-da3d-4934-a1c5-8fbd303d4974-independiente,data_Talla,[],1871,0,[],{}
issues_data_df,8bbfdd2e-da3d-4934-a1c5-8fbd303d4974-independiente,data_Telf Emergencia,[],1871,0,[],{}
issues_data_df,8bbfdd2e-da3d-4934-a1c5-8fbd303d4974-independiente,data_Teléfono emergencia,['str'],1870,0,['665581568'],{'str': ['665581568']}
issues_data_df,8bbfdd2e-da3d-4934-a1c5-8fbd303d4974-independiente,data_birthdate,['Timestamp'],1865,0,"[Timestamp('1965-07-01 00:00:00'), Timestamp('1980-07-01 00:00:00'), Timestamp('1980-01-01 00:00:00'), Timestamp('2022-01-01 00:00:00'), Timestamp('1968-01-28 00:00:00'), Timestamp('1978-01-01 00:00:00')]","{'Timestamp': [Timestamp('1965-07-01 00:00:00'), Timestamp('1980-07-01 00:00:00'), Timestamp('1980-01-01 00:00:00')]}"
issues_data_df,8bbfdd2e-da3d-4934-a1c5-8fbd303d4974-independiente,data_category,['str'],1859,0,"['M50', 'M45', 'M40', 'Masculino']","{'str': ['M50', 'M45', 'M40']}"
issues_data_df,8bbfdd2e-da3d-4934-a1c5-8fbd303d4974-independiente,data_club,['str'],1812,1,"['CDA CAMAS', 'ACCPL', 'LOS LENTOS', 'A.A.XAFATOLLS', 'ASICS', 'CLUB ATLETISMO BEIMAN', 'CA MARATON MARCHENA', '100 MARATHON CLUB', 'AATL', '']","{'str': ['CDA CAMAS', 'ACCPL', 'LOS LENTOS']}"
issues_data_df,8bbfdd2e-da3d-4934-a1c5-8fbd303d4974-independiente,data_comments,[],1871,0,[],{}
issues_data_df,8bbfdd2e-da3d-4934-a1c5-8fbd303d4974-independiente,data_document,['str'],1863,1,"['08996833S', '52674139E', '33971458K', '23987532H', '03846765S', 'EP6594091', '', '17762006A']","{'str': ['08996833S', '52674139E', '33971458K']}"
issues_data_df,8bbfdd2e-da3d-4934-a1c5-8fbd303d4974-independiente,data_dorsal,['str'],1839,0,"['550', '5795', '10099', '11998', '10100', '10098', '6', '253', '12000', '10755']","{'str': ['550', '5795', '10099']}"
issues_data_df,8bbfdd2e-da3d-4934-a1c5-8fbd303d4974-independiente,data_e-mail,[],1871,0,[],{}
issues_data_df,8bbfdd2e-da3d-4934-a1c5-8fbd303d4974-independiente,data_event,['str'],1870,0,['Maratón Silla de Ruedas'],{'str': ['Maratón Silla de Ruedas']}
issues_data_df,8bbfdd2e-da3d-4934-a1c5-8fbd303d4974-independiente,data_gender,['str'],1868,0,['male'],{'str': ['male']}
issues_data_df,8bbfdd2e-da3d-4934-a1c5-8fbd303d4974-independiente,data_gunTime,[],1871,0,[],{}
issues_data_df,8bbfdd2e-da3d-4934-a1c5-8fbd303d4974-independiente,data_name,['str'],1865,0,"['JESÚS MARíA', 'FERNANDO', 'FRAN', 'EDUARDO', 'ANDRES', 'Dorsal']","{'str': ['JESÚS MARíA', 'FERNANDO', 'FRAN']}"
issues_data_df,8bbfdd2e-da3d-4934-a1c5-8fbd303d4974-independiente,data_nationality,['str'],1868,1,"['GBR', 'ESP', '']","{'str': ['GBR', 'ESP', '']}"
issues_data_df,8bbfdd2e-da3d-4934-a1c5-8fbd303d4974-independiente,data_phone,['str'],1870,0,['+44 00447791085332'],{'str': ['+44 00447791085332']}
issues_data_df,8bbfdd2e-da3d-4934-a1c5-8fbd303d4974-independiente,data_status,['str'],513,0,"['retired', 'quarantine', 'disqualified']","{'str': ['retired', 'quarantine', 'disqualified']}"
issues_data_df,8bbfdd2e-da3d-4934-a1c5-8fbd303d4974-independiente,data_statusNote,['str'],1837,0,"['SU PADRE CORRIO CON SU DORSAL', 'RFEA - Por falta de puntos de control', 'INDICADO JUECES']","{'str': ['SU PADRE CORRIO CON SU DORSAL', 'RFEA - Por falta de puntos de control', 'INDICADO JUECES']}"
issues_data_df,8bbfdd2e-da3d-4934-a1c5-8fbd303d4974-independiente,data_surname,['str'],1855,0,"['RODRÍGUEZ LOPEZ', 'BORDIGNON', 'DIEGO SÁNCHEZ', 'GARCÍA GARCíA', 'CARRILLO SERRADELL', 'GARCÍA GONZALEZ', 'ALVAREZ PONCE', 'APARICIO CARRASCOSA', 'LOZANO GRIJOTA', 'CHIMDESA KUMSA']","{'str': ['RODRÍGUEZ LOPEZ', 'BORDIGNON', 'DIEGO SÁNCHEZ']}"
issues_data_df,8bbfdd2e-da3d-4934-a1c5-8fbd303d4974-independiente,data_team,['str'],1870,0,['Los Lentos'],{'str': ['Los Lentos']}
issues_data_df,8bbfdd2e-da3d-4934-a1c5-8fbd303d4974-independiente,data_user_id,[],1871,0,[],{}
issues_data_df,8bbfdd2e-da3d-4934-a1c5-8fbd303d4974-independiente,data_wave,['str'],1870,0,['Maratón Silla de Ruedas'],{'str': ['Maratón Silla de Ruedas']}
issues_data_df,8bbfdd2e-da3d-4934-a1c5-8fbd303d4974-independiente,event_id,['str'],0,0,['independiente'],{'str': ['independiente']}
issues_data_df,8bbfdd2e-da3d-4934-a1c5-8fbd303d4974-independiente,issue_id,['str'],0,0,"['2b2b1810-9256-11ec-ab3e-1f2d1eb9663d', '1aafa3d0-90ed-11ec-b566-21716ccf5a1a', 'b0db3f80-9107-11ec-8200-edad9d58d0b0', 'c7dcf3e0-922e-11ec-bd24-cb1c756a584c', 'f605eb70-93cb-11ec-b999-cfb651696c46', 'e6070260-922f-11ec-bd24-cb1c756a584c', '31f6c4b0-93cc-11ec-b999-cfb651696c46', 'f3e6afb0-9230-11ec-bd24-cb1c756a584c', 'c3ad4860-94a9-11ec-a4db-ad133e8926c7', 'c43253b0-9234-11ec-90e1-a54d31285d70']","{'str': ['2b2b1810-9256-11ec-ab3e-1f2d1eb9663d', '1aafa3d0-90ed-11ec-b566-21716ccf5a1a', 'b0db3f80-9107-11ec-8200-edad9d58d0b0']}"
issues_data_df,8bbfdd2e-da3d-4934-a1c5-8fbd303d4974-independiente,race_id,['str'],0,0,['8bbfdd2e-da3d-4934-a1c5-8fbd303d4974'],{'str': ['8bbfdd2e-da3d-4934-a1c5-8fbd303d4974']}
issues_data_df,8bbfdd2e-da3d-4934-a1c5-8fbd303d4974-independiente,event_std,['str'],0,0,['independiente'],{'str': ['independiente']}
issues_data_df,af5c5746-04e8-42ab-9610-b12f0d9125b1-Maratón,athlete_id,"['str', 'int']",0,0,"[8250, '8250', 904, '904', 6776, '6776', 7240, '7240', 8354, '8354']","{'str': ['8250', '904', '6776'], 'int': [8250, 904, 6776]}"
issues_data_df,af5c5746-04e8-42ab-9610-b12f0d9125b1-Maratón,data_Camiseta Finisher,['str'],69421,0,"['XL-Hombre', 'M-Hombre', 'L-Hombre', 'S-Mujer', 'S-Hombre', 'M-Mujer', 'XS-Hombre', 'XS-Mujer', 'XXL-Hombre', 'XL-Mujer']","{'str': ['XL-Hombre', 'M-Hombre', 'L-Hombre']}"
issues_data_df,af5c5746-04e8-42ab-9610-b12f0d9125b1-Maratón,data_Camiseta entregada,[],69507,0,[],{}
issues_data_df,af5c5746-04e8-42ab-9610-b12f0d9125b1-Maratón,data_Código Postal,[],69507,0,[],{}
issues_data_df,af5c5746-04e8-42ab-9610-b12f0d9125b1-Maratón,data_Dorsal entregado,[],69507,0,[],{}
issues_data_df,af5c5746-04e8-42ab-9610-b12f0d9125b1-Maratón,data_Email,[],69507,0,[],{}
issues_data_df,af5c5746-04e8-42ab-9610-b12f0d9125b1-Maratón,data_Emergency Phone,[],69507,0,[],{}
issues_data_df,af5c5746-04e8-42ab-9610-b12f0d9125b1-Maratón,data_Language,['str'],55779,0,"['es', 'en']","{'str': ['es', 'en']}"
issues_data_df,af5c5746-04e8-42ab-9610-b12f0d9125b1-Maratón,data_Localidad,[],69507,0,[],{}
issues_data_df,af5c5746-04e8-42ab-9610-b12f0d9125b1-Maratón,data_Nacionalidad,[],69507,0,[],{}
issues_data_df,af5c5746-04e8-42ab-9610-b12f0d9125b1-Maratón,data_Pais,[],69507,0,[],{}
issues_data_df,af5c5746-04e8-42ab-9610-b12f0d9125b1-Maratón,data_País de residencia,[],69507,0,[],{}
issues_data_df,af5c5746-04e8-42ab-9610-b12f0d9125b1-Maratón,data_Pers Contacto,[],69507,0,[],{}
issues_data_df,af5c5746-04e8-42ab-9610-b12f0d9125b1-Maratón,data_Provincia,[],69507,0,[],{}
issues_data_df,af5c5746-04e8-42ab-9610-b12f0d9125b1-Maratón,data_TALLA,[],69507,0,[],{}
issues_data_df,af5c5746-04e8-42ab-9610-b12f0d9125b1-Maratón,data_Talla,[],69507,0,[],{}
issues_data_df,af5c5746-04e8-42ab-9610-b12f0d9125b1-Maratón,data_Telf Emergencia,[],69507,0,[],{}
issues_data_df,af5c5746-04e8-42ab-9610-b12f0d9125b1-Maratón,data_Teléfono emergencia,[],69507,0,[],{}
issues_data_df,af5c5746-04e8-42ab-9610-b12f0d9125b1-Maratón,data_birthdate,['Timestamp'],55780,0,"[Timestamp('1988-02-07 00:00:00'), Timestamp('1998-06-16 00:00:00'), Timestamp('1989-04-08 00:00:00'), Timestamp('1975-05-10 00:00:00'), Timestamp('1993-01-20 00:00:00'), Timestamp('2001-08-10 00:00:00'), Timestamp('1974-03-31 00:00:00'), Timestamp('1979-12-12 00:00:00'), Timestamp('1983-09-10 00:00:00'), Timestamp('1979-05-18 00:00:00')]","{'Timestamp': [Timestamp('1988-02-07 00:00:00'), Timestamp('1998-06-16 00:00:00'), Timestamp('1989-04-08 00:00:00')]}"
issues_data_df,af5c5746-04e8-42ab-9610-b12f0d9125b1-Maratón,data_category,[],69507,0,[],{}
issues_data_df,af5c5746-04e8-42ab-9610-b12f0d9125b1-Maratón,data_club,[],69507,0,[],{}
issues_data_df,af5c5746-04e8-42ab-9610-b12f0d9125b1-Maratón,data_comments,[],69507,0,[],{}
issues_data_df,af5c5746-04e8-42ab-9610-b12f0d9125b1-Maratón,data_document,[],69507,0,[],{}
issues_data_df,af5c5746-04e8-42ab-9610-b12f0d9125b1-Maratón,data_dorsal,[],69507,0,[],{}
issues_data_df,af5c5746-04e8-42ab-9610-b12f0d9125b1-Maratón,data_e-mail,['str'],42051,0,"['pulido_corte@hotmail.com', 'florian.mougel98@gmail.com', 'pedro.teles.fonseca@outlook.com', 'dweldon26.dw@gmail.com', 'fernandopaunero@gmail.com', 'pedrocardenasmartin@gmail.com', 'ashraf74f@gmail.com', 'anna.garcia.sans@gmail.com', 'aci_1983@outlook.com', 'r_margom@hotmail.com']","{'str': ['pulido_corte@hotmail.com', 'florian.mougel98@gmail.com', 'pedro.teles.fonseca@outlook.com']}"
issues_data_df,af5c5746-04e8-42ab-9610-b12f0d9125b1-Maratón,data_event,[],69507,0,[],{}
issues_data_df,af5c5746-04e8-42ab-9610-b12f0d9125b1-Maratón,data_gender,[],69507,0,[],{}
issues_data_df,af5c5746-04e8-42ab-9610-b12f0d9125b1-Maratón,data_gunTime,[],69507,0,[],{}
issues_data_df,af5c5746-04e8-42ab-9610-b12f0d9125b1-Maratón,data_name,[],69507,0,[],{}
issues_data_df,af5c5746-04e8-42ab-9610-b12f0d9125b1-Maratón,data_nationality,[],69507,0,[],{}
issues_data_df,af5c5746-04e8-42ab-9610-b12f0d9125b1-Maratón,data_phone,[],69507,0,[],{}
issues_data_df,af5c5746-04e8-42ab-9610-b12f0d9125b1-Maratón,data_status,[],69507,0,[],{}
issues_data_df,af5c5746-04e8-42ab-9610-b12f0d9125b1-Maratón,data_statusNote,[],69507,0,[],{}
issues_data_df,af5c5746-04e8-42ab-9610-b12f0d9125b1-Maratón,data_surname,[],69507,0,[],{}
issues_data_df,af5c5746-04e8-42ab-9610-b12f0d9125b1-Maratón,data_team,[],69507,0,[],{}
issues_data_df,af5c5746-04e8-42ab-9610-b12f0d9125b1-Maratón,data_user_id,[],69507,0,[],{}
issues_data_df,af5c5746-04e8-42ab-9610-b12f0d9125b1-Maratón,data_wave,[],69507,0,[],{}
issues_data_df,af5c5746-04e8-42ab-9610-b12f0d9125b1-Maratón,event_id,['str'],0,0,['Maratón'],{'str': ['Maratón']}
issues_data_df,af5c5746-04e8-42ab-9610-b12f0d9125b1-Maratón,issue_id,['str'],0,0,"['b9679bf0-eeae-11ef-8d6b-2d20f644acaf', 'c13b2120-eeaf-11ef-8d6b-2d20f644acaf', 'bbf0c190-eedf-11ef-aefd-4527d5007596', '05cca970-f1b8-11ef-b5fd-bf8734a7469a', '099faa70-f1b8-11ef-9681-733b5a1624ca', '7b89e260-f1c5-11ef-b5ab-7579202c6cfd', '0c9d8f30-f05a-11ef-bbbc-35143f66ea59', '59f391b0-f1c9-11ef-b5ab-7579202c6cfd', '12a34300-f1ec-11ef-bc25-9fbe5786f204', 'ea0ab3c0-f1d6-11ef-8383-3976fbc3433a']","{'str': ['b9679bf0-eeae-11ef-8d6b-2d20f644acaf', 'c13b2120-eeaf-11ef-8d6b-2d20f644acaf', 'bbf0c190-eedf-11ef-aefd-4527d5007596']}"
issues_data_df,af5c5746-04e8-42ab-9610-b12f0d9125b1-Maratón,race_id,['str'],0,0,['af5c5746-04e8-42ab-9610-b12f0d9125b1'],{'str': ['af5c5746-04e8-42ab-9610-b12f0d9125b1']}
issues_data_df,af5c5746-04e8-42ab-9610-b12f0d9125b1-Maratón,event_std,['str'],0,0,['maraton'],{'str': ['maraton']}
issues_data_df,af5c5746-04e8-42ab-9610-b12f0d9125b1-Maratón Silla de Ruedas,athlete_id,['str'],0,0,"['407', '404', '408', '414', '413', '412', '405', '409', '410', '406']","{'str': ['407', '404', '408']}"
issues_data_df,af5c5746-04e8-42ab-9610-b12f0d9125b1-Maratón Silla de Ruedas,data_Camiseta Finisher,[],28,0,[],{}
issues_data_df,af5c5746-04e8-42ab-9610-b12f0d9125b1-Maratón Silla de Ruedas,data_Camiseta entregada,[],28,0,[],{}
issues_data_df,af5c5746-04e8-42ab-9610-b12f0d9125b1-Maratón Silla de Ruedas,data_Código Postal,[],28,0,[],{}
issues_data_df,af5c5746-04e8-42ab-9610-b12f0d9125b1-Maratón Silla de Ruedas,data_Dorsal entregado,[],28,0,[],{}
issues_data_df,af5c5746-04e8-42ab-9610-b12f0d9125b1-Maratón Silla de Ruedas,data_Email,[],28,0,[],{}
issues_data_df,af5c5746-04e8-42ab-9610-b12f0d9125b1-Maratón Silla de Ruedas,data_Emergency Phone,[],28,0,[],{}
issues_data_df,af5c5746-04e8-42ab-9610-b12f0d9125b1-Maratón Silla de Ruedas,data_Language,[],28,0,[],{}
issues_data_df,af5c5746-04e8-42ab-9610-b12f0d9125b1-Maratón Silla de Ruedas,data_Localidad,[],28,0,[],{}
issues_data_df,af5c5746-04e8-42ab-9610-b12f0d9125b1-Maratón Silla de Ruedas,data_Nacionalidad,[],28,0,[],{}
issues_data_df,af5c5746-04e8-42ab-9610-b12f0d9125b1-Maratón Silla de Ruedas,data_Pais,[],28,0,[],{}
issues_data_df,af5c5746-04e8-42ab-9610-b12f0d9125b1-Maratón Silla de Ruedas,data_País de residencia,[],28,0,[],{}
issues_data_df,af5c5746-04e8-42ab-9610-b12f0d9125b1-Maratón Silla de Ruedas,data_Pers Contacto,[],28,0,[],{}
issues_data_df,af5c5746-04e8-42ab-9610-b12f0d9125b1-Maratón Silla de Ruedas,data_Provincia,[],28,0,[],{}
issues_data_df,af5c5746-04e8-42ab-9610-b12f0d9125b1-Maratón Silla de Ruedas,data_TALLA,[],28,0,[],{}
issues_data_df,af5c5746-04e8-42ab-9610-b12f0d9125b1-Maratón Silla de Ruedas,data_Talla,[],28,0,[],{}
issues_data_df,af5c5746-04e8-42ab-9610-b12f0d9125b1-Maratón Silla de Ruedas,data_Telf Emergencia,[],28,0,[],{}
issues_data_df,af5c5746-04e8-42ab-9610-b12f0d9125b1-Maratón Silla de Ruedas,data_Teléfono emergencia,[],28,0,[],{}
issues_data_df,af5c5746-04e8-42ab-9610-b12f0d9125b1-Maratón Silla de Ruedas,data_birthdate,[],28,0,[],{}
issues_data_df,af5c5746-04e8-42ab-9610-b12f0d9125b1-Maratón Silla de Ruedas,data_category,[],28,0,[],{}
issues_data_df,af5c5746-04e8-42ab-9610-b12f0d9125b1-Maratón Silla de Ruedas,data_club,[],28,0,[],{}
issues_data_df,af5c5746-04e8-42ab-9610-b12f0d9125b1-Maratón Silla de Ruedas,data_comments,[],28,0,[],{}
issues_data_df,af5c5746-04e8-42ab-9610-b12f0d9125b1-Maratón Silla de Ruedas,data_document,[],28,0,[],{}
issues_data_df,af5c5746-04e8-42ab-9610-b12f0d9125b1-Maratón Silla de Ruedas,data_dorsal,[],28,0,[],{}
issues_data_df,af5c5746-04e8-42ab-9610-b12f0d9125b1-Maratón Silla de Ruedas,data_e-mail,[],28,0,[],{}
issues_data_df,af5c5746-04e8-42ab-9610-b12f0d9125b1-Maratón Silla de Ruedas,data_event,[],28,0,[],{}
issues_data_df,af5c5746-04e8-42ab-9610-b12f0d9125b1-Maratón Silla de Ruedas,data_gender,[],28,0,[],{}
issues_data_df,af5c5746-04e8-42ab-9610-b12f0d9125b1-Maratón Silla de Ruedas,data_gunTime,[],28,0,[],{}
issues_data_df,af5c5746-04e8-42ab-9610-b12f0d9125b1-Maratón Silla de Ruedas,data_name,[],28,0,[],{}
issues_data_df,af5c5746-04e8-42ab-9610-b12f0d9125b1-Maratón Silla de Ruedas,data_nationality,[],28,0,[],{}
issues_data_df,af5c5746-04e8-42ab-9610-b12f0d9125b1-Maratón Silla de Ruedas,data_phone,[],28,0,[],{}
issues_data_df,af5c5746-04e8-42ab-9610-b12f0d9125b1-Maratón Silla de Ruedas,data_status,[],28,0,[],{}
issues_data_df,af5c5746-04e8-42ab-9610-b12f0d9125b1-Maratón Silla de Ruedas,data_statusNote,[],28,0,[],{}
issues_data_df,af5c5746-04e8-42ab-9610-b12f0d9125b1-Maratón Silla de Ruedas,data_surname,[],28,0,[],{}
issues_data_df,af5c5746-04e8-42ab-9610-b12f0d9125b1-Maratón Silla de Ruedas,data_team,[],28,0,[],{}
issues_data_df,af5c5746-04e8-42ab-9610-b12f0d9125b1-Maratón Silla de Ruedas,data_user_id,[],28,0,[],{}
issues_data_df,af5c5746-04e8-42ab-9610-b12f0d9125b1-Maratón Silla de Ruedas,data_wave,[],28,0,[],{}
issues_data_df,af5c5746-04e8-42ab-9610-b12f0d9125b1-Maratón Silla de Ruedas,event_id,['str'],0,0,['Maratón Silla de Ruedas'],{'str': ['Maratón Silla de Ruedas']}
issues_data_df,af5c5746-04e8-42ab-9610-b12f0d9125b1-Maratón Silla de Ruedas,issue_id,['str'],0,0,"['dc85f350-f1b7-11ef-9681-733b5a1624ca', 'e5f73f70-f1b7-11ef-9681-733b5a1624ca']","{'str': ['dc85f350-f1b7-11ef-9681-733b5a1624ca', 'e5f73f70-f1b7-11ef-9681-733b5a1624ca']}"
issues_data_df,af5c5746-04e8-42ab-9610-b12f0d9125b1-Maratón Silla de Ruedas,race_id,['str'],0,0,['af5c5746-04e8-42ab-9610-b12f0d9125b1'],{'str': ['af5c5746-04e8-42ab-9610-b12f0d9125b1']}
issues_data_df,af5c5746-04e8-42ab-9610-b12f0d9125b1-Maratón Silla de Ruedas,event_std,['str'],0,0,['maraton'],{'str': ['maraton']}
issues_data_df,af5c5746-04e8-42ab-9610-b12f0d9125b1-independiente,athlete_id,"['str', 'int']",0,0,"[8250, 6776, 7240, 8354, 6972, 12322, 1443, 9141, 7312, 14109]","{'str': ['2789509d-c8a1-5545-92c0-c48570247463', '9ea37905-4ea7-5bb5-80f3-9770c6422314', 'c7aaf1f4-9f6b-57d0-b67c-bb4fead2b4be'], 'int': [8250, 6776, 7240]}"
issues_data_df,af5c5746-04e8-42ab-9610-b12f0d9125b1-independiente,data_Camiseta Finisher,[],15297,0,[],{}
issues_data_df,af5c5746-04e8-42ab-9610-b12f0d9125b1-independiente,data_Camiseta entregada,['str'],13961,0,['Sí'],{'str': ['Sí']}
issues_data_df,af5c5746-04e8-42ab-9610-b12f0d9125b1-independiente,data_Código Postal,[],15297,0,[],{}
issues_data_df,af5c5746-04e8-42ab-9610-b12f0d9125b1-independiente,data_Dorsal entregado,['str'],3032,0,['Sí'],{'str': ['Sí']}
issues_data_df,af5c5746-04e8-42ab-9610-b12f0d9125b1-independiente,data_Email,[],15297,0,[],{}
issues_data_df,af5c5746-04e8-42ab-9610-b12f0d9125b1-independiente,data_Emergency Phone,[],15297,0,[],{}
issues_data_df,af5c5746-04e8-42ab-9610-b12f0d9125b1-independiente,data_Language,['str'],15157,0,"['en', 'es']","{'str': ['en', 'es']}"
issues_data_df,af5c5746-04e8-42ab-9610-b12f0d9125b1-independiente,data_Localidad,[],15297,0,[],{}
issues_data_df,af5c5746-04e8-42ab-9610-b12f0d9125b1-independiente,data_Nacionalidad,[],15297,0,[],{}
issues_data_df,af5c5746-04e8-42ab-9610-b12f0d9125b1-independiente,data_Pais,[],15297,0,[],{}
issues_data_df,af5c5746-04e8-42ab-9610-b12f0d9125b1-independiente,data_País de residencia,[],15297,0,[],{}
issues_data_df,af5c5746-04e8-42ab-9610-b12f0d9125b1-independiente,data_Pers Contacto,[],15297,0,[],{}
issues_data_df,af5c5746-04e8-42ab-9610-b12f0d9125b1-independiente,data_Provincia,['str'],15296,0,['Barcelona'],{'str': ['Barcelona']}
issues_data_df,af5c5746-04e8-42ab-9610-b12f0d9125b1-independiente,data_TALLA,[],15297,0,[],{}
issues_data_df,af5c5746-04e8-42ab-9610-b12f0d9125b1-independiente,data_Talla,['str'],15296,0,['Hombre - S'],{'str': ['Hombre - S']}
issues_data_df,af5c5746-04e8-42ab-9610-b12f0d9125b1-independiente,data_Telf Emergencia,['str'],15295,0,"['+3463847975', '+34 657 31 54 75']","{'str': ['+3463847975', '+34 657 31 54 75']}"
issues_data_df,af5c5746-04e8-42ab-9610-b12f0d9125b1-independiente,data_Teléfono emergencia,[],15297,0,[],{}
issues_data_df,af5c5746-04e8-42ab-9610-b12f0d9125b1-independiente,data_birthdate,['Timestamp'],15285,0,"[Timestamp('1968-01-28 00:00:00'), Timestamp('2002-04-15 00:00:00'), Timestamp('2022-04-15 00:00:00'), Timestamp('1995-03-31 00:00:00'), Timestamp('1996-10-15 00:00:00'), Timestamp('1984-06-14 00:00:00'), Timestamp('1994-06-14 00:00:00'), Timestamp('1951-08-24 00:00:00'), Timestamp('1991-10-11 00:00:00'), Timestamp('1964-12-27 00:00:00')]","{'Timestamp': [Timestamp('1968-01-28 00:00:00'), Timestamp('2002-04-15 00:00:00'), Timestamp('2022-04-15 00:00:00')]}"
issues_data_df,af5c5746-04e8-42ab-9610-b12f0d9125b1-independiente,data_category,[],15297,0,[],{}
issues_data_df,af5c5746-04e8-42ab-9610-b12f0d9125b1-independiente,data_club,['str'],15288,0,"['ASD PODISTICA BARCELLONA', 'CAPIS RUNNING TEAM', 'A.S.D. PIANO MA ARRIVIAMO', 'CDA CAMAS']","{'str': ['ASD PODISTICA BARCELLONA', 'CAPIS RUNNING TEAM', 'A.S.D. PIANO MA ARRIVIAMO']}"
issues_data_df,af5c5746-04e8-42ab-9610-b12f0d9125b1-independiente,data_comments,[],15297,0,[],{}
issues_data_df,af5c5746-04e8-42ab-9610-b12f0d9125b1-independiente,data_document,['str'],15290,0,"['33987532H', '30536157T', '07051001Y', '39919129F', 'PH9178354', '05706176Z', '35031866']","{'str': ['33987532H', '30536157T', '07051001Y']}"
issues_data_df,af5c5746-04e8-42ab-9610-b12f0d9125b1-independiente,data_dorsal,[],15297,0,[],{}
issues_data_df,af5c5746-04e8-42ab-9610-b12f0d9125b1-independiente,data_e-mail,['str'],15296,0,['tzil987@gmail.com'],{'str': ['tzil987@gmail.com']}
issues_data_df,af5c5746-04e8-42ab-9610-b12f0d9125b1-independiente,data_event,[],15297,0,[],{}
issues_data_df,af5c5746-04e8-42ab-9610-b12f0d9125b1-independiente,data_gender,['str'],15295,0,"['female', 'male']","{'str': ['female', 'male']}"
issues_data_df,af5c5746-04e8-42ab-9610-b12f0d9125b1-independiente,data_gunTime,[],15297,0,[],{}
issues_data_df,af5c5746-04e8-42ab-9610-b12f0d9125b1-independiente,data_name,['str'],15286,0,"['CELESTE AGATE', 'ANDRES MARTIN', 'MARCO', 'LAURA', 'XAVIER', 'KA MAN', 'HUGO MIGUEL', 'SEBASTIEN', 'KAMAL', 'ANTONIO']","{'str': ['CELESTE AGATE', 'ANDRES MARTIN', 'MARCO']}"
issues_data_df,af5c5746-04e8-42ab-9610-b12f0d9125b1-independiente,data_nationality,['str'],15296,0,['MAR'],{'str': ['MAR']}
issues_data_df,af5c5746-04e8-42ab-9610-b12f0d9125b1-independiente,data_phone,['str'],15295,0,"['689723994', '+34 63847975']","{'str': ['689723994', '+34 63847975']}"
issues_data_df,af5c5746-04e8-42ab-9610-b12f0d9125b1-independiente,data_status,[],15297,0,[],{}
issues_data_df,af5c5746-04e8-42ab-9610-b12f0d9125b1-independiente,data_statusNote,['str'],15005,0,['RT .55.10'],{'str': ['RT .55.10']}
issues_data_df,af5c5746-04e8-42ab-9610-b12f0d9125b1-independiente,data_surname,['str'],15283,0,"['LOZANO GRIJOTA', 'PANFILI', 'BAENA', 'SANTANO ARAUJO ', 'ARMENGOL NOGUÉS', 'GI', 'PAISANA DOMINGOS', 'GASQUET', 'LUCZKO', 'ABEDELKABIR']","{'str': ['LOZANO GRIJOTA', 'PANFILI', 'BAENA']}"
issues_data_df,af5c5746-04e8-42ab-9610-b12f0d9125b1-independiente,data_team,[],15297,0,[],{}
issues_data_df,af5c5746-04e8-42ab-9610-b12f0d9125b1-independiente,data_user_id,['str'],15296,0,['923224'],{'str': ['923224']}
issues_data_df,af5c5746-04e8-42ab-9610-b12f0d9125b1-independiente,data_wave,[],15297,0,[],{}
issues_data_df,af5c5746-04e8-42ab-9610-b12f0d9125b1-independiente,event_id,['str'],0,0,['independiente'],{'str': ['independiente']}
issues_data_df,af5c5746-04e8-42ab-9610-b12f0d9125b1-independiente,issue_id,['str'],0,0,"['503e59b0-f053-11ef-bbbc-35143f66ea59', 'fcdd20b0-f068-11ef-b218-fb61d00176ce', '86bde0a0-f116-11ef-ab52-a370d8c13a19', '9bd953e0-f100-11ef-a2c1-b9824f2d9865', '45d1c850-f13d-11ef-93f3-b5c9923149ec', '16fe0b60-f05c-11ef-825d-6b75750d6367', '8a928e40-f1e5-11ef-b566-eba78b79bb6f', '0fc32c80-f1f7-11ef-bc25-9fbe5786f204', 'd45373d0-f07a-11ef-b8ff-637d1e82c0cd', '4a737b20-f065-11ef-825d-6b75750d6367']","{'str': ['503e59b0-f053-11ef-bbbc-35143f66ea59', 'fcdd20b0-f068-11ef-b218-fb61d00176ce', '86bde0a0-f116-11ef-ab52-a370d8c13a19']}"
issues_data_df,af5c5746-04e8-42ab-9610-b12f0d9125b1-independiente,race_id,['str'],0,0,['af5c5746-04e8-42ab-9610-b12f0d9125b1'],{'str': ['af5c5746-04e8-42ab-9610-b12f0d9125b1']}
issues_data_df,af5c5746-04e8-42ab-9610-b12f0d9125b1-independiente,event_std,['str'],0,0,['independiente'],{'str': ['independiente']}
issues_events_df,609139b1-d6bd-4553-ac89-2f648787a60d-Maratón,athlete_id,"['str', 'int']",0,0,"[8250, 904, 7240, 8354, 6972, 1249, 12322, 1443, 9141, 7312]","{'str': ['3f78cb40-26d0-524f-8597-c0728734e8fb', '4bd8b912-72db-5244-82fd-0198a74b6918', '6b6ad7e3-6149-5a79-badb-5b8479a77b56'], 'int': [8250, 904, 7240]}"
issues_events_df,609139b1-d6bd-4553-ac89-2f648787a60d-Maratón,data_events_attributes_Andaluz,['str'],0,32039,[''],{'str': ['']}
issues_events_df,609139b1-d6bd-4553-ac89-2f648787a60d-Maratón,data_events_attributes_Atletas con Discapacidad,['str'],0,32039,[''],{'str': ['']}
issues_events_df,609139b1-d6bd-4553-ac89-2f648787a60d-Maratón,data_events_attributes_Clasif. Andaluzes,[],32039,0,[],{}
issues_events_df,609139b1-d6bd-4553-ac89-2f648787a60d-Maratón,data_events_attributes_Clasif. Españoles,[],32039,0,[],{}
issues_events_df,609139b1-d6bd-4553-ac89-2f648787a60d-Maratón,data_events_attributes_Clasif. Sevillanos,[],32039,0,[],{}
issues_events_df,609139b1-d6bd-4553-ac89-2f648787a60d-Maratón,data_events_attributes_Cto España,['str'],0,32039,[''],{'str': ['']}
issues_events_df,609139b1-d6bd-4553-ac89-2f648787a60d-Maratón,data_events_attributes_Discapacitado,['str'],0,32039,[''],{'str': ['']}
issues_events_df,609139b1-d6bd-4553-ac89-2f648787a60d-Maratón,data_events_attributes_Españoles,['str'],0,32039,[''],{'str': ['']}
issues_events_df,609139b1-d6bd-4553-ac89-2f648787a60d-Maratón,data_events_attributes_Sevillano,['str'],0,32039,[''],{'str': ['']}
issues_events_df,609139b1-d6bd-4553-ac89-2f648787a60d-Maratón,data_events_auto_category,['str'],0,32039,[''],{'str': ['']}
issues_events_df,609139b1-d6bd-4553-ac89-2f648787a60d-Maratón,data_events_auto_chip,['str'],0,32039,[''],{'str': ['']}
issues_events_df,609139b1-d6bd-4553-ac89-2f648787a60d-Maratón,data_events_category,['str'],0,32039,[''],{'str': ['']}
issues_events_df,609139b1-d6bd-4553-ac89-2f648787a60d-Maratón,data_events_dorsal,['str'],0,32039,[''],{'str': ['']}
issues_events_df,609139b1-d6bd-4553-ac89-2f648787a60d-Maratón,data_events_gunTime,['str'],0,7451,"['2024-02-18T07:30:18.169Z', '2024-02-18T07:30:17.000Z', '']","{'str': ['2024-02-18T07:30:18.169Z', '2024-02-18T07:30:17.000Z', '']}"
issues_events_df,609139b1-d6bd-4553-ac89-2f648787a60d-Maratón,data_events_gunTimeModeConfig_wave,[],32039,0,[],{}
issues_events_df,609139b1-d6bd-4553-ac89-2f648787a60d-Maratón,data_events_status,['str'],0,30970,"['', 'retired', 'disqualified', 'quarantine']","{'str': ['', 'retired', 'disqualified']}"
issues_events_df,609139b1-d6bd-4553-ac89-2f648787a60d-Maratón,data_events_team,['str'],0,26221,"['', 'G.D.R SÃO FRANCISCO DA SERRA', 'CHESTER TRIATHLON CLUB', 'CARPE DIAM', 'CA TRIVALLE', 'IMPACT TRI', 'CORREDORES DE PARQUE SUR', 'CLUB DEPORTIVO GETAFE', 'WIKABOO', 'RUNNERS COPS']","{'str': ['', 'G.D.R SÃO FRANCISCO DA SERRA', 'CHESTER TRIATHLON CLUB']}"
issues_events_df,609139b1-d6bd-4553-ac89-2f648787a60d-Maratón,data_events_times_10K v4Con_time,"['str', 'int']",0,32038,"['', 2451183]","{'str': [''], 'int': [2451183]}"
issues_events_df,609139b1-d6bd-4553-ac89-2f648787a60d-Maratón,data_events_times_10K_time,"['str', 'int']",0,32008,"['', 3007000, 3105000, 4484870, 3530000, 3300000, 3332000, 2780000, 3520000, 3677000]","{'str': [''], 'int': [3007000, 3105000, 4484870]}"
issues_events_df,609139b1-d6bd-4553-ac89-2f648787a60d-Maratón,data_events_times_15K_time,"['str', 'int']",0,32010,"['', 5068080, 2985428, 4469000, 4529000, 3851906, 5295000, 4950000, 4971100, 4170000]","{'str': [''], 'int': [5068080, 2985428, 4469000]}"
issues_events_df,609139b1-d6bd-4553-ac89-2f648787a60d-Maratón,data_events_times_20K_time,"['str', 'int']",0,32012,"['', 3979030, 6138000, 7190218, 8240000, 7060000, 6611000, 5283606, 5560000, 7040000]","{'str': [''], 'int': [3979030, 6138000, 7190218]}"
issues_events_df,609139b1-d6bd-4553-ac89-2f648787a60d-Maratón,data_events_times_25K_time,"['str', 'int']",0,31998,"['', 7527000, 7653000, 5186360, 5267946, 5130000, 5294000, 5520000, 7140587, 7260587]","{'str': [''], 'int': [7527000, 7653000, 5186360]}"
issues_events_df,609139b1-d6bd-4553-ac89-2f648787a60d-Maratón,data_events_times_30K_time,"['str', 'int']",0,32004,"['', 5404152, 5406746, 5405023, 5417173, 5470920, 9987287, 9053000, 9179000, 12938035]","{'str': [''], 'int': [5404152, 5406746, 5405023]}"
issues_events_df,609139b1-d6bd-4553-ac89-2f648787a60d-Maratón,data_events_times_35K_time,"['str', 'int']",0,31997,"['', 7007878, 6346816, 10861180, 7289069, 7328556, 7148464, 7389919, 15270000, 15330000]","{'str': [''], 'int': [7007878, 6346816, 10861180]}"
issues_events_df,609139b1-d6bd-4553-ac89-2f648787a60d-Maratón,data_events_times_40K_time,"['str', 'int']",0,31998,"['', 7196180, 7354670, 7960000, 12443180, 8519120, 17695365, 14120000, 17078000, 13959000]","{'str': [''], 'int': [7196180, 7354670, 7960000]}"
issues_events_df,609139b1-d6bd-4553-ac89-2f648787a60d-Maratón,data_events_times_5K_time,"['str', 'int']",0,31997,"['', 1499000, 1619000, 1765000, 1650000, 1692000, 1390000, 1760000, 2033000, 1853000]","{'str': [''], 'int': [1499000, 1619000, 1765000]}"
issues_events_df,609139b1-d6bd-4553-ac89-2f648787a60d-Maratón,data_events_times_Asics 2_time,"['str', 'int']",0,32016,"['', 5994120, 6232026, 6040402, 6075258, 10180454, 10948506, 10693678, 10675000, 10625000]","{'str': [''], 'int': [5994120, 6232026, 6040402]}"
issues_events_df,609139b1-d6bd-4553-ac89-2f648787a60d-Maratón,data_events_times_Asics_time,"['str', 'int']",0,31998,"['', 2661491, 3975790, 2667290, 2663320, 2678170, 2669640, 2703650, 2659280, 4717998]","{'str': [''], 'int': [2661491, 3975790, 2667290]}"
issues_events_df,609139b1-d6bd-4553-ac89-2f648787a60d-Maratón,data_events_times_Media_time,"['str', 'int']",0,32012,"['', 3843440, 3960892, 6483610, 6225301, 8652000, 7413000, 6950000, 5838000, 7392000]","{'str': [''], 'int': [3843440, 3960892, 6483610]}"
issues_events_df,609139b1-d6bd-4553-ac89-2f648787a60d-Maratón,data_events_times_Meta_time,"['str', 'int']",0,31966,"['', 13860000, 12900000, 13164000, 8758492, 12618957, 18286458, 12535210, 15700735, 15654000]","{'str': [''], 'int': [13860000, 12900000, 13164000]}"
issues_events_df,609139b1-d6bd-4553-ac89-2f648787a60d-Maratón,data_events_times_Salida_time,"['str', 'int']",0,32016,"['', 0, 11181, 5000, 125590, 514400, 180000, 34000, 154040, 135000]","{'str': [''], 'int': [0, 11181, 5000]}"
issues_events_df,609139b1-d6bd-4553-ac89-2f648787a60d-Maratón,data_events_times_Spotter_time,"['str', 'int']",0,32037,"['', 11368028, 11725054]","{'str': [''], 'int': [11368028, 11725054]}"
issues_events_df,609139b1-d6bd-4553-ac89-2f648787a60d-Maratón,event_id,['str'],0,0,['Maratón'],{'str': ['Maratón']}
issues_events_df,609139b1-d6bd-4553-ac89-2f648787a60d-Maratón,issue_id,['str'],0,0,"['92924bb0-ce2f-11ee-8008-917783ce6496', 'f3acfaa0-ce41-11ee-bd89-f93a4314e6fb', 'ee1a27e0-cce6-11ee-bf1d-9b6170712c3f', '8e9951b0-ce67-11ee-ae80-695a7ed66b6d', 'dd358ef0-ce59-11ee-83f0-ad47679acfd8', '829d5950-ce36-11ee-a91c-3bfaa31c6ceb', '40cb3680-ce4c-11ee-a471-31ea3d047657', '5ca11240-ce41-11ee-bd89-f93a4314e6fb', '46f77340-cf1c-11ee-ab91-194f7a5565c2', 'f38c39f0-ce46-11ee-8da0-2d786fd26baf']","{'str': ['92924bb0-ce2f-11ee-8008-917783ce6496', 'f3acfaa0-ce41-11ee-bd89-f93a4314e6fb', 'ee1a27e0-cce6-11ee-bf1d-9b6170712c3f']}"
issues_events_df,609139b1-d6bd-4553-ac89-2f648787a60d-Maratón,race_id,['str'],0,0,['609139b1-d6bd-4553-ac89-2f648787a60d'],{'str': ['609139b1-d6bd-4553-ac89-2f648787a60d']}
issues_events_df,609139b1-d6bd-4553-ac89-2f648787a60d-Maratón,event_std,['str'],0,0,['maraton'],{'str': ['maraton']}
issues_events_df,609139b1-d6bd-4553-ac89-2f648787a60d-Maratón Silla de Ruedas,athlete_id,['int'],0,0,"[473, 491, 478, 474, 480, 481, 476, 479, 472, 475]","{'int': [473, 491, 478]}"
issues_events_df,609139b1-d6bd-4553-ac89-2f648787a60d-Maratón Silla de Ruedas,data_events_attributes_Andaluz,['str'],0,15,[''],{'str': ['']}
issues_events_df,609139b1-d6bd-4553-ac89-2f648787a60d-Maratón Silla de Ruedas,data_events_attributes_Atletas con Discapacidad,['str'],0,15,[''],{'str': ['']}
issues_events_df,609139b1-d6bd-4553-ac89-2f648787a60d-Maratón Silla de Ruedas,data_events_attributes_Clasif. Andaluzes,[],15,0,[],{}
issues_events_df,609139b1-d6bd-4553-ac89-2f648787a60d-Maratón Silla de Ruedas,data_events_attributes_Clasif. Españoles,[],15,0,[],{}
issues_events_df,609139b1-d6bd-4553-ac89-2f648787a60d-Maratón Silla de Ruedas,data_events_attributes_Clasif. Sevillanos,[],15,0,[],{}
issues_events_df,609139b1-d6bd-4553-ac89-2f648787a60d-Maratón Silla de Ruedas,data_events_attributes_Cto España,['str'],0,15,[''],{'str': ['']}
issues_events_df,609139b1-d6bd-4553-ac89-2f648787a60d-Maratón Silla de Ruedas,data_events_attributes_Discapacitado,['str'],0,15,[''],{'str': ['']}
issues_events_df,609139b1-d6bd-4553-ac89-2f648787a60d-Maratón Silla de Ruedas,data_events_attributes_Españoles,['str'],0,15,[''],{'str': ['']}
issues_events_df,609139b1-d6bd-4553-ac89-2f648787a60d-Maratón Silla de Ruedas,data_events_attributes_Sevillano,['str'],0,15,[''],{'str': ['']}
issues_events_df,609139b1-d6bd-4553-ac89-2f648787a60d-Maratón Silla de Ruedas,data_events_auto_category,['str'],0,15,[''],{'str': ['']}
issues_events_df,609139b1-d6bd-4553-ac89-2f648787a60d-Maratón Silla de Ruedas,data_events_auto_chip,['str'],0,15,[''],{'str': ['']}
issues_events_df,609139b1-d6bd-4553-ac89-2f648787a60d-Maratón Silla de Ruedas,data_events_category,['str'],0,15,[''],{'str': ['']}
issues_events_df,609139b1-d6bd-4553-ac89-2f648787a60d-Maratón Silla de Ruedas,data_events_dorsal,['str'],0,15,[''],{'str': ['']}
issues_events_df,609139b1-d6bd-4553-ac89-2f648787a60d-Maratón Silla de Ruedas,data_events_gunTime,['str'],0,3,"['2024-02-18T07:29:22.058Z', '']","{'str': ['2024-02-18T07:29:22.058Z', '']}"
issues_events_df,609139b1-d6bd-4553-ac89-2f648787a60d-Maratón Silla de Ruedas,data_events_gunTimeModeConfig_wave,[],15,0,[],{}
issues_events_df,609139b1-d6bd-4553-ac89-2f648787a60d-Maratón Silla de Ruedas,data_events_status,['str'],0,14,"['', 'retired']","{'str': ['', 'retired']}"
issues_events_df,609139b1-d6bd-4553-ac89-2f648787a60d-Maratón Silla de Ruedas,data_events_team,['str'],0,15,[''],{'str': ['']}
issues_events_df,609139b1-d6bd-4553-ac89-2f648787a60d-Maratón Silla de Ruedas,data_events_times_10K v4Con_time,['str'],0,15,[''],{'str': ['']}
issues_events_df,609139b1-d6bd-4553-ac89-2f648787a60d-Maratón Silla de Ruedas,data_events_times_10K_time,['str'],0,15,[''],{'str': ['']}
issues_events_df,609139b1-d6bd-4553-ac89-2f648787a60d-Maratón Silla de Ruedas,data_events_times_15K_time,['str'],0,15,[''],{'str': ['']}
issues_events_df,609139b1-d6bd-4553-ac89-2f648787a60d-Maratón Silla de Ruedas,data_events_times_20K_time,['str'],0,15,[''],{'str': ['']}
issues_events_df,609139b1-d6bd-4553-ac89-2f648787a60d-Maratón Silla de Ruedas,data_events_times_25K_time,['str'],0,15,[''],{'str': ['']}
issues_events_df,609139b1-d6bd-4553-ac89-2f648787a60d-Maratón Silla de Ruedas,data_events_times_30K_time,['str'],0,15,[''],{'str': ['']}
issues_events_df,609139b1-d6bd-4553-ac89-2f648787a60d-Maratón Silla de Ruedas,data_events_times_35K_time,['str'],0,15,[''],{'str': ['']}
issues_events_df,609139b1-d6bd-4553-ac89-2f648787a60d-Maratón Silla de Ruedas,data_events_times_40K_time,['str'],0,15,[''],{'str': ['']}
issues_events_df,609139b1-d6bd-4553-ac89-2f648787a60d-Maratón Silla de Ruedas,data_events_times_5K_time,['str'],0,15,[''],{'str': ['']}
issues_events_df,609139b1-d6bd-4553-ac89-2f648787a60d-Maratón Silla de Ruedas,data_events_times_Asics 2_time,['str'],0,15,[''],{'str': ['']}
issues_events_df,609139b1-d6bd-4553-ac89-2f648787a60d-Maratón Silla de Ruedas,data_events_times_Asics_time,['str'],0,15,[''],{'str': ['']}
issues_events_df,609139b1-d6bd-4553-ac89-2f648787a60d-Maratón Silla de Ruedas,data_events_times_Media_time,['str'],0,15,[''],{'str': ['']}
issues_events_df,609139b1-d6bd-4553-ac89-2f648787a60d-Maratón Silla de Ruedas,data_events_times_Meta_time,"['str', 'int']",0,13,"['', 5228000, 5208000]","{'str': [''], 'int': [5228000, 5208000]}"
issues_events_df,609139b1-d6bd-4553-ac89-2f648787a60d-Maratón Silla de Ruedas,data_events_times_Salida_time,['str'],0,15,[''],{'str': ['']}
issues_events_df,609139b1-d6bd-4553-ac89-2f648787a60d-Maratón Silla de Ruedas,data_events_times_Spotter_time,['str'],0,15,[''],{'str': ['']}
issues_events_df,609139b1-d6bd-4553-ac89-2f648787a60d-Maratón Silla de Ruedas,event_id,['str'],0,0,['Maratón Silla de Ruedas'],{'str': ['Maratón Silla de Ruedas']}
issues_events_df,609139b1-d6bd-4553-ac89-2f648787a60d-Maratón Silla de Ruedas,issue_id,['str'],0,0,"['7149a2a0-ce2f-11ee-a4bc-fb43f15126f3', '903c2c40-ce67-11ee-b399-754fd902f9ac', '0047d010-ce3c-11ee-bd89-f93a4314e6fb', 'cf32b480-f0ce-11ee-aee6-73f61c279634']","{'str': ['7149a2a0-ce2f-11ee-a4bc-fb43f15126f3', '903c2c40-ce67-11ee-b399-754fd902f9ac', '0047d010-ce3c-11ee-bd89-f93a4314e6fb']}"
issues_events_df,609139b1-d6bd-4553-ac89-2f648787a60d-Maratón Silla de Ruedas,race_id,['str'],0,0,['609139b1-d6bd-4553-ac89-2f648787a60d'],{'str': ['609139b1-d6bd-4553-ac89-2f648787a60d']}
issues_events_df,609139b1-d6bd-4553-ac89-2f648787a60d-Maratón Silla de Ruedas,event_std,['str'],0,0,['maraton'],{'str': ['maraton']}
issues_events_df,609139b1-d6bd-4553-ac89-2f648787a60d-independiente,athlete_id,"['str', 'int']",0,0,"[2816, 3030, 3955, 4870, 13022, 3692, 79, 423, 232, 'e4a4a780-6f93-5d5d-9ba8-998d0477a06c']","{'str': ['e4a4a780-6f93-5d5d-9ba8-998d0477a06c', 'be188f63-a50f-5b26-a610-3e920effe0e4', '0cdf7d0e-a1d2-5b95-8820-db048f28e48a'], 'int': [2816, 3030, 3955]}"
issues_events_df,609139b1-d6bd-4553-ac89-2f648787a60d-independiente,data_events_attributes_Andaluz,['str'],0,288,"['', 'Andaluz']","{'str': ['', 'Andaluz']}"
issues_events_df,609139b1-d6bd-4553-ac89-2f648787a60d-independiente,data_events_attributes_Atletas con Discapacidad,['str'],0,170,"['', 'Masculino', 'Femenino']","{'str': ['', 'Masculino', 'Femenino']}"
issues_events_df,609139b1-d6bd-4553-ac89-2f648787a60d-independiente,data_events_attributes_Clasif. Andaluzes,[],296,0,[],{}
issues_events_df,609139b1-d6bd-4553-ac89-2f648787a60d-independiente,data_events_attributes_Clasif. Españoles,[],296,0,[],{}
issues_events_df,609139b1-d6bd-4553-ac89-2f648787a60d-independiente,data_events_attributes_Clasif. Sevillanos,[],296,0,[],{}
issues_events_df,609139b1-d6bd-4553-ac89-2f648787a60d-independiente,data_events_attributes_Cto España,['str'],0,287,"['', 'No Computan', 'Masculino']","{'str': ['', 'No Computan', 'Masculino']}"
issues_events_df,609139b1-d6bd-4553-ac89-2f648787a60d-independiente,data_events_attributes_Discapacitado,['str'],0,285,"['', 'Femenino', 'Masculino']","{'str': ['', 'Femenino', 'Masculino']}"
issues_events_df,609139b1-d6bd-4553-ac89-2f648787a60d-independiente,data_events_attributes_Españoles,['str'],0,289,"['', 'Masculino', 'Femenino']","{'str': ['', 'Masculino', 'Femenino']}"
issues_events_df,609139b1-d6bd-4553-ac89-2f648787a60d-independiente,data_events_attributes_Sevillano,['str'],0,294,"['', 'Sevillano']","{'str': ['', 'Sevillano']}"
issues_events_df,609139b1-d6bd-4553-ac89-2f648787a60d-independiente,data_events_auto_category,"['str', 'bool']",0,243,"['', False]","{'str': [''], 'bool': [False]}"
issues_events_df,609139b1-d6bd-4553-ac89-2f648787a60d-independiente,data_events_auto_chip,"['str', 'bool']",0,288,"['', False]","{'str': [''], 'bool': [False]}"
issues_events_df,609139b1-d6bd-4553-ac89-2f648787a60d-independiente,data_events_category,['str'],0,270,"['', 'Masculino', 'Femenino', 'JUNIOR M']","{'str': ['', 'Masculino', 'Femenino']}"
issues_events_df,609139b1-d6bd-4553-ac89-2f648787a60d-independiente,data_events_dorsal,"['str', 'int']",0,260,"['13112', '', '2147', '11244', '3284', '6654', '13110', 7169, 8996, '10006']","{'str': ['13112', '', '2147'], 'int': [7169, 8996]}"
issues_events_df,609139b1-d6bd-4553-ac89-2f648787a60d-independiente,data_events_gunTime,['str'],0,296,[''],{'str': ['']}
issues_events_df,609139b1-d6bd-4553-ac89-2f648787a60d-independiente,data_events_gunTimeModeConfig_wave,[],296,0,[],{}
issues_events_df,609139b1-d6bd-4553-ac89-2f648787a60d-independiente,data_events_status,['str'],0,295,"['', 'disqualified']","{'str': ['', 'disqualified']}"
issues_events_df,609139b1-d6bd-4553-ac89-2f648787a60d-independiente,data_events_team,['str'],0,273,"['AEFAT', '', 'ATLETISMO ALBACETE', 'CARROS DE FUEGO', 'CDA CAMAS', 'RUN FIZ', 'TRILHOS DO COSTUME', 'CD RUN&FIT CHICLANA', 'AT MACOTERA JAMON PRIM', 'Dar-Recardaes']","{'str': ['AEFAT', '', 'ATLETISMO ALBACETE']}"
issues_events_df,609139b1-d6bd-4553-ac89-2f648787a60d-independiente,data_events_times_10K v4Con_time,['str'],0,296,[''],{'str': ['']}
issues_events_df,609139b1-d6bd-4553-ac89-2f648787a60d-independiente,data_events_times_10K_time,['str'],0,296,[''],{'str': ['']}
issues_events_df,609139b1-d6bd-4553-ac89-2f648787a60d-independiente,data_events_times_15K_time,['str'],0,296,[''],{'str': ['']}
issues_events_df,609139b1-d6bd-4553-ac89-2f648787a60d-independiente,data_events_times_20K_time,['str'],0,296,[''],{'str': ['']}
issues_events_df,609139b1-d6bd-4553-ac89-2f648787a60d-independiente,data_events_times_25K_time,['str'],0,296,[''],{'str': ['']}
issues_events_df,609139b1-d6bd-4553-ac89-2f648787a60d-independiente,data_events_times_30K_time,['str'],0,296,[''],{'str': ['']}
issues_events_df,609139b1-d6bd-4553-ac89-2f648787a60d-independiente,data_events_times_35K_time,['str'],0,296,[''],{'str': ['']}
issues_events_df,609139b1-d6bd-4553-ac89-2f648787a60d-independiente,data_events_times_40K_time,['str'],0,296,[''],{'str': ['']}
issues_events_df,609139b1-d6bd-4553-ac89-2f648787a60d-independiente,data_events_times_5K_time,['str'],0,296,[''],{'str': ['']}
issues_events_df,609139b1-d6bd-4553-ac89-2f648787a60d-independiente,data_events_times_Asics 2_time,['str'],0,296,[''],{'str': ['']}
issues_events_df,609139b1-d6bd-4553-ac89-2f648787a60d-independiente,data_events_times_Asics_time,['str'],0,296,[''],{'str': ['']}
issues_events_df,609139b1-d6bd-4553-ac89-2f648787a60d-independiente,data_events_times_Media_time,['str'],0,296,[''],{'str': ['']}
issues_events_df,609139b1-d6bd-4553-ac89-2f648787a60d-independiente,data_events_times_Meta_time,['str'],0,296,[''],{'str': ['']}
issues_events_df,609139b1-d6bd-4553-ac89-2f648787a60d-independiente,data_events_times_Salida_time,['str'],0,296,[''],{'str': ['']}
issues_events_df,609139b1-d6bd-4553-ac89-2f648787a60d-independiente,data_events_times_Spotter_time,['str'],0,296,[''],{'str': ['']}
issues_events_df,609139b1-d6bd-4553-ac89-2f648787a60d-independiente,event_id,['str'],0,0,['independiente'],{'str': ['independiente']}
issues_events_df,609139b1-d6bd-4553-ac89-2f648787a60d-independiente,issue_id,['str'],0,0,"['2c8e55c0-cd99-11ee-a81a-739d09f518bd', 'a0f87e80-ccb9-11ee-bae3-ed02110cc0ce', 'df5eae20-d096-11ee-9cc1-8348dba7d84c', '27237140-ce4a-11ee-a672-ef1696a2511d', 'c2450eb0-cea7-11ee-a86b-ad1cda081dfb', '95160e70-cd81-11ee-ad6d-c19eda286a77', 'd6e23ec0-d095-11ee-af2c-3ffb99949752', '1f9a3330-cd93-11ee-b996-4b5efbad4387', '553f8d60-cdbf-11ee-9807-0db6c5095473', 'ff2a6480-cdbf-11ee-9807-0db6c5095473']","{'str': ['2c8e55c0-cd99-11ee-a81a-739d09f518bd', 'a0f87e80-ccb9-11ee-bae3-ed02110cc0ce', 'df5eae20-d096-11ee-9cc1-8348dba7d84c']}"
issues_events_df,609139b1-d6bd-4553-ac89-2f648787a60d-independiente,race_id,['str'],0,0,['609139b1-d6bd-4553-ac89-2f648787a60d'],{'str': ['609139b1-d6bd-4553-ac89-2f648787a60d']}
issues_events_df,609139b1-d6bd-4553-ac89-2f648787a60d-independiente,event_std,['str'],0,0,['independiente'],{'str': ['independiente']}
issues_events_df,72a81045-fb27-43e6-a201-b1d42be42fac-Maratón,athlete_id,"['str', 'int']",0,0,"['351', '3256', '10705', '11440', '7708', '10966', '1531', '655', '9915', '4636']","{'str': ['351', '3256', '10705'], 'int': [6, 5]}"
issues_events_df,72a81045-fb27-43e6-a201-b1d42be42fac-Maratón,data_events_attributes_Andaluz,[],48,0,[],{}
issues_events_df,72a81045-fb27-43e6-a201-b1d42be42fac-Maratón,data_events_attributes_Atletas con Discapacidad,[],48,0,[],{}
issues_events_df,72a81045-fb27-43e6-a201-b1d42be42fac-Maratón,data_events_attributes_Clasif. Andaluzes,[],48,0,[],{}
issues_events_df,72a81045-fb27-43e6-a201-b1d42be42fac-Maratón,data_events_attributes_Clasif. Españoles,[],48,0,[],{}
issues_events_df,72a81045-fb27-43e6-a201-b1d42be42fac-Maratón,data_events_attributes_Clasif. Sevillanos,[],48,0,[],{}
issues_events_df,72a81045-fb27-43e6-a201-b1d42be42fac-Maratón,data_events_attributes_Cto España,[],48,0,[],{}
issues_events_df,72a81045-fb27-43e6-a201-b1d42be42fac-Maratón,data_events_attributes_Discapacitado,[],48,0,[],{}
issues_events_df,72a81045-fb27-43e6-a201-b1d42be42fac-Maratón,data_events_attributes_Españoles,[],48,0,[],{}
issues_events_df,72a81045-fb27-43e6-a201-b1d42be42fac-Maratón,data_events_attributes_Sevillano,[],48,0,[],{}
issues_events_df,72a81045-fb27-43e6-a201-b1d42be42fac-Maratón,data_events_auto_category,[],48,0,[],{}
issues_events_df,72a81045-fb27-43e6-a201-b1d42be42fac-Maratón,data_events_auto_chip,[],48,0,[],{}
issues_events_df,72a81045-fb27-43e6-a201-b1d42be42fac-Maratón,data_events_category,[],48,0,[],{}
issues_events_df,72a81045-fb27-43e6-a201-b1d42be42fac-Maratón,data_events_dorsal,[],48,0,[],{}
issues_events_df,72a81045-fb27-43e6-a201-b1d42be42fac-Maratón,data_events_gunTime,[],48,0,[],{}
issues_events_df,72a81045-fb27-43e6-a201-b1d42be42fac-Maratón,data_events_gunTimeModeConfig_wave,[],48,0,[],{}
issues_events_df,72a81045-fb27-43e6-a201-b1d42be42fac-Maratón,data_events_status,['str'],0,35,"['retired', '']","{'str': ['retired', '']}"
issues_events_df,72a81045-fb27-43e6-a201-b1d42be42fac-Maratón,data_events_team,[],48,0,[],{}
issues_events_df,72a81045-fb27-43e6-a201-b1d42be42fac-Maratón,data_events_times_10K v4Con_time,[],48,0,[],{}
issues_events_df,72a81045-fb27-43e6-a201-b1d42be42fac-Maratón,data_events_times_10K_time,"['str', 'int']",0,46,"['', 2413802]","{'str': [''], 'int': [2413802]}"
issues_events_df,72a81045-fb27-43e6-a201-b1d42be42fac-Maratón,data_events_times_15K_time,"['str', 'int']",0,45,"['', 3564962, 3570000]","{'str': [''], 'int': [3564962, 3570000]}"
issues_events_df,72a81045-fb27-43e6-a201-b1d42be42fac-Maratón,data_events_times_20K_time,"['str', 'int']",0,46,"['', 4753942]","{'str': [''], 'int': [4753942]}"
issues_events_df,72a81045-fb27-43e6-a201-b1d42be42fac-Maratón,data_events_times_25K_time,"['str', 'int']",0,44,"['', 5970192, 5971000, 6251412, 6253000]","{'str': [''], 'int': [5970192, 5971000, 6251412]}"
issues_events_df,72a81045-fb27-43e6-a201-b1d42be42fac-Maratón,data_events_times_30K_time,"['str', 'int']",0,45,"['', 7202302, 7203602, 7504362]","{'str': [''], 'int': [7202302, 7203602, 7504362]}"
issues_events_df,72a81045-fb27-43e6-a201-b1d42be42fac-Maratón,data_events_times_35K_time,"['str', 'int']",0,41,"['', 8544632, 8546158, 8790732, 8791732, 8760000, 8400000, 8431000]","{'str': [''], 'int': [8544632, 8546158, 8790732]}"
issues_events_df,72a81045-fb27-43e6-a201-b1d42be42fac-Maratón,data_events_times_40K_time,"['str', 'int']",0,46,"['', 9933372, 10118322]","{'str': [''], 'int': [9933372, 10118322]}"
issues_events_df,72a81045-fb27-43e6-a201-b1d42be42fac-Maratón,data_events_times_5K_time,"['str', 'int']",0,44,"['', 1282142, 892722, 891782]","{'str': [''], 'int': [1282142, 892722, 891782]}"
issues_events_df,72a81045-fb27-43e6-a201-b1d42be42fac-Maratón,data_events_times_Asics 2_time,[],48,0,[],{}
issues_events_df,72a81045-fb27-43e6-a201-b1d42be42fac-Maratón,data_events_times_Asics_time,"['str', 'int']",0,46,"['', 3150652]","{'str': [''], 'int': [3150652]}"
issues_events_df,72a81045-fb27-43e6-a201-b1d42be42fac-Maratón,data_events_times_Media_time,"['str', 'int']",0,46,"['', 5015702, 5088912]","{'str': [''], 'int': [5015702, 5088912]}"
issues_events_df,72a81045-fb27-43e6-a201-b1d42be42fac-Maratón,data_events_times_Meta_time,"['str', 'int']",0,46,"['', 10565000, 10700000]","{'str': [''], 'int': [10565000, 10700000]}"
issues_events_df,72a81045-fb27-43e6-a201-b1d42be42fac-Maratón,data_events_times_Salida_time,"['str', 'int']",0,46,"['', 3000]","{'str': [''], 'int': [3000]}"
issues_events_df,72a81045-fb27-43e6-a201-b1d42be42fac-Maratón,data_events_times_Spotter_time,[],48,0,[],{}
issues_events_df,72a81045-fb27-43e6-a201-b1d42be42fac-Maratón,event_id,['str'],0,0,['Maratón'],{'str': ['Maratón']}
issues_events_df,72a81045-fb27-43e6-a201-b1d42be42fac-Maratón,issue_id,['str'],0,0,"['f41eae90-d0ba-11ee-837d-a3d1e8fcf7e7', '816f9470-d0b7-11ee-a61e-c5d970642c85', '9472d410-d0b7-11ee-a61e-c5d970642c85', 'eb8ea210-d0b7-11ee-a61e-c5d970642c85', '01141fc0-d0b8-11ee-a61e-c5d970642c85', '275d7460-d0b8-11ee-a61e-c5d970642c85', '61614ab0-d0b8-11ee-a61e-c5d970642c85', '660e7f10-d0b8-11ee-a61e-c5d970642c85', '70c172f0-d0b8-11ee-a61e-c5d970642c85', '7e04fcc0-d0b8-11ee-a61e-c5d970642c85']","{'str': ['f41eae90-d0ba-11ee-837d-a3d1e8fcf7e7', '816f9470-d0b7-11ee-a61e-c5d970642c85', '9472d410-d0b7-11ee-a61e-c5d970642c85']}"
issues_events_df,72a81045-fb27-43e6-a201-b1d42be42fac-Maratón,race_id,['str'],0,0,['72a81045-fb27-43e6-a201-b1d42be42fac'],{'str': ['72a81045-fb27-43e6-a201-b1d42be42fac']}
issues_events_df,72a81045-fb27-43e6-a201-b1d42be42fac-Maratón,event_std,['str'],0,0,['maraton'],{'str': ['maraton']}
issues_events_df,af5c5746-04e8-42ab-9610-b12f0d9125b1-Maratón,athlete_id,"['str', 'int']",0,0,"[8250, '8250', 904, '904', 6776, '6776', 7240, '7240', 8354, '8354']","{'str': ['8250', '904', '6776'], 'int': [8250, 904, 6776]}"
issues_events_df,af5c5746-04e8-42ab-9610-b12f0d9125b1-Maratón,data_events_attributes_Andaluz,[],41965,0,[],{}
issues_events_df,af5c5746-04e8-42ab-9610-b12f0d9125b1-Maratón,data_events_attributes_Atletas con Discapacidad,['str'],0,41965,[''],{'str': ['']}
issues_events_df,af5c5746-04e8-42ab-9610-b12f0d9125b1-Maratón,data_events_attributes_Clasif. Andaluzes,['str'],0,41965,[''],{'str': ['']}
issues_events_df,af5c5746-04e8-42ab-9610-b12f0d9125b1-Maratón,data_events_attributes_Clasif. Españoles,['str'],0,41965,[''],{'str': ['']}
issues_events_df,af5c5746-04e8-42ab-9610-b12f0d9125b1-Maratón,data_events_attributes_Clasif. Sevillanos,['str'],0,41965,[''],{'str': ['']}
issues_events_df,af5c5746-04e8-42ab-9610-b12f0d9125b1-Maratón,data_events_attributes_Cto España,[],41965,0,[],{}
issues_events_df,af5c5746-04e8-42ab-9610-b12f0d9125b1-Maratón,data_events_attributes_Discapacitado,[],41965,0,[],{}
issues_events_df,af5c5746-04e8-42ab-9610-b12f0d9125b1-Maratón,data_events_attributes_Españoles,[],41965,0,[],{}
issues_events_df,af5c5746-04e8-42ab-9610-b12f0d9125b1-Maratón,data_events_attributes_Sevillano,[],41965,0,[],{}
issues_events_df,af5c5746-04e8-42ab-9610-b12f0d9125b1-Maratón,data_events_auto_category,[],41965,0,[],{}
issues_events_df,af5c5746-04e8-42ab-9610-b12f0d9125b1-Maratón,data_events_auto_chip,['str'],0,41965,[''],{'str': ['']}
issues_events_df,af5c5746-04e8-42ab-9610-b12f0d9125b1-Maratón,data_events_category,[],41965,0,[],{}
issues_events_df,af5c5746-04e8-42ab-9610-b12f0d9125b1-Maratón,data_events_dorsal,['str'],0,41965,[''],{'str': ['']}
issues_events_df,af5c5746-04e8-42ab-9610-b12f0d9125b1-Maratón,data_events_gunTime,['str'],1,14305,"['', '2025-02-23T07:30:10.000Z']","{'str': ['', '2025-02-23T07:30:10.000Z']}"
issues_events_df,af5c5746-04e8-42ab-9610-b12f0d9125b1-Maratón,data_events_gunTimeModeConfig_wave,['str'],0,41965,[''],{'str': ['']}
issues_events_df,af5c5746-04e8-42ab-9610-b12f0d9125b1-Maratón,data_events_status,['str'],0,41549,"['', 'quarantine', 'retired']","{'str': ['', 'quarantine', 'retired']}"
issues_events_df,af5c5746-04e8-42ab-9610-b12f0d9125b1-Maratón,data_events_team,['str'],0,34850,"['CLUB MARATON BADAJOZ', '', 'CARQUEFOU AC', 'SPRINGFIELD STRIDERS', 'RUN IN CLUB', 'SPORT RUSCHER TEAM', 'ISABELLE BIHANNIC', 'HORSHAM JOGGERS', 'ATHLETIC CLUB DE COLOMBES', 'MASSILIA TRIATHLON']","{'str': ['CLUB MARATON BADAJOZ', '', 'CARQUEFOU AC']}"
issues_events_df,af5c5746-04e8-42ab-9610-b12f0d9125b1-Maratón,data_events_times_10K v4Con_time,[],41965,0,[],{}
issues_events_df,af5c5746-04e8-42ab-9610-b12f0d9125b1-Maratón,data_events_times_10K_time,"['str', 'int']",0,41958,"['', 2014337, 2226876, 2059078, 4854343, 4846143, 2490000, 2730000]","{'str': [''], 'int': [2014337, 2226876, 2059078]}"
issues_events_df,af5c5746-04e8-42ab-9610-b12f0d9125b1-Maratón,data_events_times_15K_time,"['str', 'int']",0,41959,"['', 3006740, 4246729, 3405000, 3735000, 4050000, 4053000]","{'str': [''], 'int': [3006740, 4246729, 3405000]}"
issues_events_df,af5c5746-04e8-42ab-9610-b12f0d9125b1-Maratón,data_events_times_20K_time,"['str', 'int']",0,41960,"['', 8067060, 4540000, 4980027, 5400000, 5408000]","{'str': [''], 'int': [8067060, 4540000, 4980027]}"
issues_events_df,af5c5746-04e8-42ab-9610-b12f0d9125b1-Maratón,data_events_times_25K_time,"['str', 'int']",0,41955,"['', 5292760, 5130529, 5819949, 10455506, 10485534, 6330153, 9985545, 7470000, 6225000]","{'str': [''], 'int': [5292760, 5130529, 5819949]}"
issues_events_df,af5c5746-04e8-42ab-9610-b12f0d9125b1-Maratón,data_events_times_30K_time,"['str', 'int']",0,41954,"['', 8345810, 8012617, 9869334, 12443196, 7726550, 13351770, 12873670, 6663750, 6783750]","{'str': [''], 'int': [8345810, 8012617, 9869334]}"
issues_events_df,af5c5746-04e8-42ab-9610-b12f0d9125b1-Maratón,data_events_times_35K_time,"['str', 'int']",0,41946,"['', 8787994, 7014423, 9589112, 8852611, 7795168, 10045080, 11540395, 14385762, 8833446]","{'str': [''], 'int': [8787994, 7014423, 9589112]}"
issues_events_df,af5c5746-04e8-42ab-9610-b12f0d9125b1-Maratón,data_events_times_40K_time,"['str', 'int']",0,41941,"['', 8037697, 8132046, 8725837, 8866351, 15265794, 8587460, 9833810, 12711325, 10259580]","{'str': [''], 'int': [8037697, 8132046, 8725837]}"
issues_events_df,af5c5746-04e8-42ab-9610-b12f0d9125b1-Maratón,data_events_times_5K_time,"['str', 'int']",0,41962,"['', 1045052, 1245000, 1379000]","{'str': [''], 'int': [1045052, 1245000, 1379000]}"
issues_events_df,af5c5746-04e8-42ab-9610-b12f0d9125b1-Maratón,data_events_times_Asics 2_time,"['str', 'int']",0,41962,"['', 13776850, 7470214, 7530214]","{'str': [''], 'int': [13776850, 7470214, 7530214]}"
issues_events_df,af5c5746-04e8-42ab-9610-b12f0d9125b1-Maratón,data_events_times_Asics_time,[],41965,0,[],{}
issues_events_df,af5c5746-04e8-42ab-9610-b12f0d9125b1-Maratón,data_events_times_Media_time,"['str', 'int']",0,41961,"['', 3791951, 5446850, 5250000, 5699000]","{'str': [''], 'int': [3791951, 5446850, 5250000]}"
issues_events_df,af5c5746-04e8-42ab-9610-b12f0d9125b1-Maratón,data_events_times_Meta_time,"['str', 'int']",0,41917,"['', 9007674, 9004274, 9113529, 10343949, 10515245, 12199094, 12299101, 13262584, 13436305]","{'str': [''], 'int': [9007674, 9004274, 9113529]}"
issues_events_df,af5c5746-04e8-42ab-9610-b12f0d9125b1-Maratón,data_events_times_Salida_time,"['str', 'int']",0,41945,"['', 10, 80, 2060, 60, 250, 40, 70, 69, 168]","{'str': [''], 'int': [10, 80, 2060]}"
issues_events_df,af5c5746-04e8-42ab-9610-b12f0d9125b1-Maratón,data_events_times_Spotter_time,"['str', 'int']",0,41964,"['', 12634511]","{'str': [''], 'int': [12634511]}"
issues_events_df,af5c5746-04e8-42ab-9610-b12f0d9125b1-Maratón,event_id,['str'],0,0,['Maratón'],{'str': ['Maratón']}
issues_events_df,af5c5746-04e8-42ab-9610-b12f0d9125b1-Maratón,issue_id,['str'],0,0,"['bbf0c190-eedf-11ef-aefd-4527d5007596', '05cca970-f1b8-11ef-b5fd-bf8734a7469a', '099faa70-f1b8-11ef-9681-733b5a1624ca', '7b89e260-f1c5-11ef-b5ab-7579202c6cfd', '59f391b0-f1c9-11ef-b5ab-7579202c6cfd', '12a34300-f1ec-11ef-bc25-9fbe5786f204', 'ea0ab3c0-f1d6-11ef-8383-3976fbc3433a', '47a8a060-f1db-11ef-bdc7-93ff35c4d74b', 'c7b8d4e0-f1d2-11ef-aa62-6ffeec3611b5', '3eeef430-f1ca-11ef-b8cc-c7827b0c90ca']","{'str': ['bbf0c190-eedf-11ef-aefd-4527d5007596', '05cca970-f1b8-11ef-b5fd-bf8734a7469a', '099faa70-f1b8-11ef-9681-733b5a1624ca']}"
issues_events_df,af5c5746-04e8-42ab-9610-b12f0d9125b1-Maratón,race_id,['str'],0,0,['af5c5746-04e8-42ab-9610-b12f0d9125b1'],{'str': ['af5c5746-04e8-42ab-9610-b12f0d9125b1']}
issues_events_df,af5c5746-04e8-42ab-9610-b12f0d9125b1-Maratón,event_std,['str'],0,0,['maraton'],{'str': ['maraton']}
issues_events_df,af5c5746-04e8-42ab-9610-b12f0d9125b1-Maratón Silla de Ruedas,athlete_id,['str'],0,0,"['407', '404', '408', '414', '413', '412', '405', '409', '410', '406']","{'str': ['407', '404', '408']}"
issues_events_df,af5c5746-04e8-42ab-9610-b12f0d9125b1-Maratón Silla de Ruedas,data_events_attributes_Andaluz,[],28,0,[],{}
issues_events_df,af5c5746-04e8-42ab-9610-b12f0d9125b1-Maratón Silla de Ruedas,data_events_attributes_Atletas con Discapacidad,['str'],0,28,[''],{'str': ['']}
issues_events_df,af5c5746-04e8-42ab-9610-b12f0d9125b1-Maratón Silla de Ruedas,data_events_attributes_Clasif. Andaluzes,['str'],0,28,[''],{'str': ['']}
issues_events_df,af5c5746-04e8-42ab-9610-b12f0d9125b1-Maratón Silla de Ruedas,data_events_attributes_Clasif. Españoles,['str'],0,28,[''],{'str': ['']}
issues_events_df,af5c5746-04e8-42ab-9610-b12f0d9125b1-Maratón Silla de Ruedas,data_events_attributes_Clasif. Sevillanos,['str'],0,28,[''],{'str': ['']}
issues_events_df,af5c5746-04e8-42ab-9610-b12f0d9125b1-Maratón Silla de Ruedas,data_events_attributes_Cto España,[],28,0,[],{}
issues_events_df,af5c5746-04e8-42ab-9610-b12f0d9125b1-Maratón Silla de Ruedas,data_events_attributes_Discapacitado,[],28,0,[],{}
issues_events_df,af5c5746-04e8-42ab-9610-b12f0d9125b1-Maratón Silla de Ruedas,data_events_attributes_Españoles,[],28,0,[],{}
issues_events_df,af5c5746-04e8-42ab-9610-b12f0d9125b1-Maratón Silla de Ruedas,data_events_attributes_Sevillano,[],28,0,[],{}
issues_events_df,af5c5746-04e8-42ab-9610-b12f0d9125b1-Maratón Silla de Ruedas,data_events_auto_category,[],28,0,[],{}
issues_events_df,af5c5746-04e8-42ab-9610-b12f0d9125b1-Maratón Silla de Ruedas,data_events_auto_chip,['str'],0,28,[''],{'str': ['']}
issues_events_df,af5c5746-04e8-42ab-9610-b12f0d9125b1-Maratón Silla de Ruedas,data_events_category,[],28,0,[],{}
issues_events_df,af5c5746-04e8-42ab-9610-b12f0d9125b1-Maratón Silla de Ruedas,data_events_dorsal,['str'],0,28,[''],{'str': ['']}
issues_events_df,af5c5746-04e8-42ab-9610-b12f0d9125b1-Maratón Silla de Ruedas,data_events_gunTime,['str'],0,0,"['2025-02-23T07:29:01.771Z', '2025-02-23T07:29:00.771Z']","{'str': ['2025-02-23T07:29:01.771Z', '2025-02-23T07:29:00.771Z']}"
issues_events_df,af5c5746-04e8-42ab-9610-b12f0d9125b1-Maratón Silla de Ruedas,data_events_gunTimeModeConfig_wave,['str'],0,28,[''],{'str': ['']}
issues_events_df,af5c5746-04e8-42ab-9610-b12f0d9125b1-Maratón Silla de Ruedas,data_events_status,['str'],0,28,[''],{'str': ['']}
issues_events_df,af5c5746-04e8-42ab-9610-b12f0d9125b1-Maratón Silla de Ruedas,data_events_team,['str'],0,28,[''],{'str': ['']}
issues_events_df,af5c5746-04e8-42ab-9610-b12f0d9125b1-Maratón Silla de Ruedas,data_events_times_10K v4Con_time,[],28,0,[],{}
issues_events_df,af5c5746-04e8-42ab-9610-b12f0d9125b1-Maratón Silla de Ruedas,data_events_times_10K_time,['str'],0,28,[''],{'str': ['']}
issues_events_df,af5c5746-04e8-42ab-9610-b12f0d9125b1-Maratón Silla de Ruedas,data_events_times_15K_time,['str'],0,28,[''],{'str': ['']}
issues_events_df,af5c5746-04e8-42ab-9610-b12f0d9125b1-Maratón Silla de Ruedas,data_events_times_20K_time,['str'],0,28,[''],{'str': ['']}
issues_events_df,af5c5746-04e8-42ab-9610-b12f0d9125b1-Maratón Silla de Ruedas,data_events_times_25K_time,['str'],0,28,[''],{'str': ['']}
issues_events_df,af5c5746-04e8-42ab-9610-b12f0d9125b1-Maratón Silla de Ruedas,data_events_times_30K_time,['str'],0,28,[''],{'str': ['']}
issues_events_df,af5c5746-04e8-42ab-9610-b12f0d9125b1-Maratón Silla de Ruedas,data_events_times_35K_time,['str'],0,28,[''],{'str': ['']}
issues_events_df,af5c5746-04e8-42ab-9610-b12f0d9125b1-Maratón Silla de Ruedas,data_events_times_40K_time,['str'],0,28,[''],{'str': ['']}
issues_events_df,af5c5746-04e8-42ab-9610-b12f0d9125b1-Maratón Silla de Ruedas,data_events_times_5K_time,['str'],0,28,[''],{'str': ['']}
issues_events_df,af5c5746-04e8-42ab-9610-b12f0d9125b1-Maratón Silla de Ruedas,data_events_times_Asics 2_time,['str'],0,28,[''],{'str': ['']}
issues_events_df,af5c5746-04e8-42ab-9610-b12f0d9125b1-Maratón Silla de Ruedas,data_events_times_Asics_time,[],28,0,[],{}
issues_events_df,af5c5746-04e8-42ab-9610-b12f0d9125b1-Maratón Silla de Ruedas,data_events_times_Media_time,['str'],0,28,[''],{'str': ['']}
issues_events_df,af5c5746-04e8-42ab-9610-b12f0d9125b1-Maratón Silla de Ruedas,data_events_times_Meta_time,['str'],0,28,[''],{'str': ['']}
issues_events_df,af5c5746-04e8-42ab-9610-b12f0d9125b1-Maratón Silla de Ruedas,data_events_times_Salida_time,['str'],0,28,[''],{'str': ['']}
issues_events_df,af5c5746-04e8-42ab-9610-b12f0d9125b1-Maratón Silla de Ruedas,data_events_times_Spotter_time,['str'],0,28,[''],{'str': ['']}
issues_events_df,af5c5746-04e8-42ab-9610-b12f0d9125b1-Maratón Silla de Ruedas,event_id,['str'],0,0,['Maratón Silla de Ruedas'],{'str': ['Maratón Silla de Ruedas']}
issues_events_df,af5c5746-04e8-42ab-9610-b12f0d9125b1-Maratón Silla de Ruedas,issue_id,['str'],0,0,"['dc85f350-f1b7-11ef-9681-733b5a1624ca', 'e5f73f70-f1b7-11ef-9681-733b5a1624ca']","{'str': ['dc85f350-f1b7-11ef-9681-733b5a1624ca', 'e5f73f70-f1b7-11ef-9681-733b5a1624ca']}"
issues_events_df,af5c5746-04e8-42ab-9610-b12f0d9125b1-Maratón Silla de Ruedas,race_id,['str'],0,0,['af5c5746-04e8-42ab-9610-b12f0d9125b1'],{'str': ['af5c5746-04e8-42ab-9610-b12f0d9125b1']}
issues_events_df,af5c5746-04e8-42ab-9610-b12f0d9125b1-Maratón Silla de Ruedas,event_std,['str'],0,0,['maraton'],{'str': ['maraton']}
issues_events_df,af5c5746-04e8-42ab-9610-b12f0d9125b1-independiente,athlete_id,"['str', 'int']",0,0,"[6972, 10792, 2547, 8131, 1528, 5269, 4059, 13070, 351, 1824]","{'str': ['f70ccbca-8370-5bcf-b15d-eefee6948351', '6c767212-629a-5078-9bb9-fbfcd0aa6adf', '445be05f-50fd-51b8-90de-8391d979cda9'], 'int': [6972, 10792, 2547]}"
issues_events_df,af5c5746-04e8-42ab-9610-b12f0d9125b1-independiente,data_events_attributes_Andaluz,[],1239,0,[],{}
issues_events_df,af5c5746-04e8-42ab-9610-b12f0d9125b1-independiente,data_events_attributes_Atletas con Discapacidad,['str'],0,1147,"['', 'Masculino', 'Femenino']","{'str': ['', 'Masculino', 'Femenino']}"
issues_events_df,af5c5746-04e8-42ab-9610-b12f0d9125b1-independiente,data_events_attributes_Clasif. Andaluzes,['str'],0,1237,"['', 'Andaluza', 'Andaluz']","{'str': ['', 'Andaluza', 'Andaluz']}"
issues_events_df,af5c5746-04e8-42ab-9610-b12f0d9125b1-independiente,data_events_attributes_Clasif. Españoles,['str'],0,1188,"['', 'Masculino', 'Femenina']","{'str': ['', 'Masculino', 'Femenina']}"
issues_events_df,af5c5746-04e8-42ab-9610-b12f0d9125b1-independiente,data_events_attributes_Clasif. Sevillanos,['str'],0,1234,"['', 'Sevillano']","{'str': ['', 'Sevillano']}"
issues_events_df,af5c5746-04e8-42ab-9610-b12f0d9125b1-independiente,data_events_attributes_Cto España,[],1239,0,[],{}
issues_events_df,af5c5746-04e8-42ab-9610-b12f0d9125b1-independiente,data_events_attributes_Discapacitado,[],1239,0,[],{}
issues_events_df,af5c5746-04e8-42ab-9610-b12f0d9125b1-independiente,data_events_attributes_Españoles,[],1239,0,[],{}
issues_events_df,af5c5746-04e8-42ab-9610-b12f0d9125b1-independiente,data_events_attributes_Sevillano,[],1239,0,[],{}
issues_events_df,af5c5746-04e8-42ab-9610-b12f0d9125b1-independiente,data_events_auto_category,[],1239,0,[],{}
issues_events_df,af5c5746-04e8-42ab-9610-b12f0d9125b1-independiente,data_events_auto_chip,"['str', 'bool']",0,1238,"['', False]","{'str': [''], 'bool': [False]}"
issues_events_df,af5c5746-04e8-42ab-9610-b12f0d9125b1-independiente,data_events_category,[],1239,0,[],{}
issues_events_df,af5c5746-04e8-42ab-9610-b12f0d9125b1-independiente,data_events_dorsal,['str'],0,1210,"['', '7914', '320', '321', '10167', '14846', '322', '14847', '7912', '1278']","{'str': ['', '7914', '320']}"
issues_events_df,af5c5746-04e8-42ab-9610-b12f0d9125b1-independiente,data_events_gunTime,['str'],0,1235,"['', '2025-02-22T15:00:00.000Z', '2025-02-23T07:30:00.000Z']","{'str': ['', '2025-02-22T15:00:00.000Z', '2025-02-23T07:30:00.000Z']}"
issues_events_df,af5c5746-04e8-42ab-9610-b12f0d9125b1-independiente,data_events_gunTimeModeConfig_wave,['str'],0,1235,"['', 'Fake', 'Maratón']","{'str': ['', 'Fake', 'Maratón']}"
issues_events_df,af5c5746-04e8-42ab-9610-b12f0d9125b1-independiente,data_events_status,['str'],0,289,"['disqualified', 'retired', '', 'quarantine']","{'str': ['disqualified', 'retired', '']}"
issues_events_df,af5c5746-04e8-42ab-9610-b12f0d9125b1-independiente,data_events_team,['str'],0,1230,"['', 'CAPIS RUNNING TEAM', 'A.S.D. PIANO MA ARRIVIAMO', 'GC EQUIPO 1 MASCULINO', 'GC EQUIPO 2 MASCULINO']","{'str': ['', 'CAPIS RUNNING TEAM', 'A.S.D. PIANO MA ARRIVIAMO']}"
issues_events_df,af5c5746-04e8-42ab-9610-b12f0d9125b1-independiente,data_events_times_10K v4Con_time,[],1239,0,[],{}
issues_events_df,af5c5746-04e8-42ab-9610-b12f0d9125b1-independiente,data_events_times_10K_time,['str'],0,1239,[''],{'str': ['']}
issues_events_df,af5c5746-04e8-42ab-9610-b12f0d9125b1-independiente,data_events_times_15K_time,['str'],0,1239,[''],{'str': ['']}
issues_events_df,af5c5746-04e8-42ab-9610-b12f0d9125b1-independiente,data_events_times_20K_time,['str'],0,1239,[''],{'str': ['']}
issues_events_df,af5c5746-04e8-42ab-9610-b12f0d9125b1-independiente,data_events_times_25K_time,['str'],0,1239,[''],{'str': ['']}
issues_events_df,af5c5746-04e8-42ab-9610-b12f0d9125b1-independiente,data_events_times_30K_time,['str'],0,1239,[''],{'str': ['']}
issues_events_df,af5c5746-04e8-42ab-9610-b12f0d9125b1-independiente,data_events_times_35K_time,['str'],0,1239,[''],{'str': ['']}
issues_events_df,af5c5746-04e8-42ab-9610-b12f0d9125b1-independiente,data_events_times_40K_time,['str'],0,1239,[''],{'str': ['']}
issues_events_df,af5c5746-04e8-42ab-9610-b12f0d9125b1-independiente,data_events_times_5K_time,['str'],0,1239,[''],{'str': ['']}
issues_events_df,af5c5746-04e8-42ab-9610-b12f0d9125b1-independiente,data_events_times_Asics 2_time,['str'],0,1239,[''],{'str': ['']}
issues_events_df,af5c5746-04e8-42ab-9610-b12f0d9125b1-independiente,data_events_times_Asics_time,[],1239,0,[],{}
issues_events_df,af5c5746-04e8-42ab-9610-b12f0d9125b1-independiente,data_events_times_Media_time,['str'],0,1239,[''],{'str': ['']}
issues_events_df,af5c5746-04e8-42ab-9610-b12f0d9125b1-independiente,data_events_times_Meta_time,['str'],0,1239,[''],{'str': ['']}
issues_events_df,af5c5746-04e8-42ab-9610-b12f0d9125b1-independiente,data_events_times_Salida_time,['str'],0,1239,[''],{'str': ['']}
issues_events_df,af5c5746-04e8-42ab-9610-b12f0d9125b1-independiente,data_events_times_Spotter_time,['str'],0,1239,[''],{'str': ['']}
issues_events_df,af5c5746-04e8-42ab-9610-b12f0d9125b1-independiente,event_id,['str'],0,0,['independiente'],{'str': ['independiente']}
issues_events_df,af5c5746-04e8-42ab-9610-b12f0d9125b1-independiente,issue_id,['str'],0,0,"['8a928e40-f1e5-11ef-b566-eba78b79bb6f', 'ba114530-f1ea-11ef-bc25-9fbe5786f204', '5ebc1470-f204-11ef-beb7-8b7f52c70400', '61f28c60-f109-11ef-a2c1-b9824f2d9865', 'aac59070-f057-11ef-bbbc-35143f66ea59', 'f15b4310-f073-11ef-ad29-bde306f0a214', 'a59e7ed0-f391-11ef-ab71-abaa11e5fe85', '75f95a70-f1e7-11ef-b566-eba78b79bb6f', 'c8120150-f1e6-11ef-b566-eba78b79bb6f', '53cdd8d0-f413-11ef-9089-bfe7088e6294']","{'str': ['8a928e40-f1e5-11ef-b566-eba78b79bb6f', 'ba114530-f1ea-11ef-bc25-9fbe5786f204', '5ebc1470-f204-11ef-beb7-8b7f52c70400']}"
issues_events_df,af5c5746-04e8-42ab-9610-b12f0d9125b1-independiente,race_id,['str'],0,0,['af5c5746-04e8-42ab-9610-b12f0d9125b1'],{'str': ['af5c5746-04e8-42ab-9610-b12f0d9125b1']}
issues_events_df,af5c5746-04e8-42ab-9610-b12f0d9125b1-independiente,event_std,['str'],0,0,['independiente'],{'str': ['independiente']}
issues_times_df,609139b1-d6bd-4553-ac89-2f648787a60d-Maratón,athlete_id,"['str', 'int']",0,0,"[1, 10, 11106, 338, 1059, 24, 22, 27, 47, 57]","{'str': ['10da503b-b99b-5630-a34e-ac41ae8e4c36', '7cf031d0-2e7a-5116-91f6-95f60dd4e645', 'ada72f58-8f48-5a4a-8a65-9d617b99378e'], 'int': [1, 10, 11106]}"
issues_times_df,609139b1-d6bd-4553-ac89-2f648787a60d-Maratón,event_id,['str'],0,0,['Maratón'],{'str': ['Maratón']}
issues_times_df,609139b1-d6bd-4553-ac89-2f648787a60d-Maratón,issue_id,['str'],0,0,"['97dde1f0-ce3a-11ee-8585-837639efb955', '386b9ac0-ce47-11ee-8667-c706c68b159a', '85e68120-ce47-11ee-8667-c706c68b159a', '255f3890-ce35-11ee-8092-2778170a8c53', '10a64060-ce3a-11ee-8585-837639efb955', 'fab9df00-ce43-11ee-9b23-459b9dbfdb3a', '3697c520-ce47-11ee-8667-c706c68b159a', '3a35d370-ce47-11ee-8667-c706c68b159a', '84a156f0-ce47-11ee-8667-c706c68b159a', '9bc604b0-ce52-11ee-97ce-e99bf1cfa2ed']","{'str': ['97dde1f0-ce3a-11ee-8585-837639efb955', '386b9ac0-ce47-11ee-8667-c706c68b159a', '85e68120-ce47-11ee-8667-c706c68b159a']}"
issues_times_df,609139b1-d6bd-4553-ac89-2f648787a60d-Maratón,race_id,['str'],0,0,['609139b1-d6bd-4553-ac89-2f648787a60d'],{'str': ['609139b1-d6bd-4553-ac89-2f648787a60d']}
issues_times_df,609139b1-d6bd-4553-ac89-2f648787a60d-Maratón,split,['str'],0,0,"['Salida', '30K', '40K', 'Asics', '35K', 'Media', 'Asics 2', 'Meta', '15K', '20K']","{'str': ['Salida', '30K', '40K']}"
issues_times_df,609139b1-d6bd-4553-ac89-2f648787a60d-Maratón,time,['int'],0,0,"[0, 5404152, 7196180, 11181, 2661491, 7007878, 5406746, 5405023, 3843440, 5417173]","{'int': [0, 5404152, 7196180]}"
issues_times_df,609139b1-d6bd-4553-ac89-2f648787a60d-Maratón,event_std,['str'],0,0,['maraton'],{'str': ['maraton']}
issues_times_df,609139b1-d6bd-4553-ac89-2f648787a60d-Maratón,time_td,['Timedelta'],0,0,"[Timedelta('0 days 00:00:00'), Timedelta('0 days 01:30:04.152000'), Timedelta('0 days 01:59:56.180000'), Timedelta('0 days 00:00:11.181000'), Timedelta('0 days 00:44:21.491000'), Timedelta('0 days 01:56:47.878000'), Timedelta('0 days 01:30:06.746000'), Timedelta('0 days 01:30:05.023000'), Timedelta('0 days 01:04:03.440000'), Timedelta('0 days 01:30:17.173000')]","{'Timedelta': [Timedelta('0 days 00:00:00'), Timedelta('0 days 01:30:04.152000'), Timedelta('0 days 01:59:56.180000')]}"
issues_times_df,609139b1-d6bd-4553-ac89-2f648787a60d-Maratón Silla de Ruedas,athlete_id,['int'],0,0,[476],{'int': [476]}
issues_times_df,609139b1-d6bd-4553-ac89-2f648787a60d-Maratón Silla de Ruedas,event_id,['str'],0,0,['Maratón Silla de Ruedas'],{'str': ['Maratón Silla de Ruedas']}
issues_times_df,609139b1-d6bd-4553-ac89-2f648787a60d-Maratón Silla de Ruedas,issue_id,['str'],0,0,"['0047d010-ce3c-11ee-bd89-f93a4314e6fb', 'cf32b480-f0ce-11ee-aee6-73f61c279634']","{'str': ['0047d010-ce3c-11ee-bd89-f93a4314e6fb', 'cf32b480-f0ce-11ee-aee6-73f61c279634']}"
issues_times_df,609139b1-d6bd-4553-ac89-2f648787a60d-Maratón Silla de Ruedas,race_id,['str'],0,0,['609139b1-d6bd-4553-ac89-2f648787a60d'],{'str': ['609139b1-d6bd-4553-ac89-2f648787a60d']}
issues_times_df,609139b1-d6bd-4553-ac89-2f648787a60d-Maratón Silla de Ruedas,split,['str'],0,0,['Meta'],{'str': ['Meta']}
issues_times_df,609139b1-d6bd-4553-ac89-2f648787a60d-Maratón Silla de Ruedas,time,['int'],0,0,"[5228000, 5208000]","{'int': [5228000, 5208000]}"
issues_times_df,609139b1-d6bd-4553-ac89-2f648787a60d-Maratón Silla de Ruedas,event_std,['str'],0,0,['maraton'],{'str': ['maraton']}
issues_times_df,609139b1-d6bd-4553-ac89-2f648787a60d-Maratón Silla de Ruedas,time_td,['Timedelta'],0,0,"[Timedelta('0 days 01:27:08'), Timedelta('0 days 01:26:48')]","{'Timedelta': [Timedelta('0 days 01:27:08'), Timedelta('0 days 01:26:48')]}"
issues_times_df,72a81045-fb27-43e6-a201-b1d42be42fac-Maratón,athlete_id,"['str', 'int']",0,0,"['2c60f8f8-f329-5e22-b0a6-84351fa31091', '9752179f-896c-52c6-ac16-95dba3c9c056', 6, 5]","{'str': ['2c60f8f8-f329-5e22-b0a6-84351fa31091', '9752179f-896c-52c6-ac16-95dba3c9c056'], 'int': [6, 5]}"
issues_times_df,72a81045-fb27-43e6-a201-b1d42be42fac-Maratón,event_id,['str'],0,0,['Maratón'],{'str': ['Maratón']}
issues_times_df,72a81045-fb27-43e6-a201-b1d42be42fac-Maratón,issue_id,['str'],0,0,"['816f9470-d0b7-11ee-a61e-c5d970642c85', '9472d410-d0b7-11ee-a61e-c5d970642c85', 'eb8ea210-d0b7-11ee-a61e-c5d970642c85', '01141fc0-d0b8-11ee-a61e-c5d970642c85', '275d7460-d0b8-11ee-a61e-c5d970642c85', '61614ab0-d0b8-11ee-a61e-c5d970642c85', '660e7f10-d0b8-11ee-a61e-c5d970642c85', '70c172f0-d0b8-11ee-a61e-c5d970642c85', '7e04fcc0-d0b8-11ee-a61e-c5d970642c85', '8062c2e0-d0b8-11ee-a61e-c5d970642c85']","{'str': ['816f9470-d0b7-11ee-a61e-c5d970642c85', '9472d410-d0b7-11ee-a61e-c5d970642c85', 'eb8ea210-d0b7-11ee-a61e-c5d970642c85']}"
issues_times_df,72a81045-fb27-43e6-a201-b1d42be42fac-Maratón,race_id,['str'],0,0,['72a81045-fb27-43e6-a201-b1d42be42fac'],{'str': ['72a81045-fb27-43e6-a201-b1d42be42fac']}
issues_times_df,72a81045-fb27-43e6-a201-b1d42be42fac-Maratón,split,['str'],0,0,"['Meta', 'Salida', '5K', '10K', 'Asics', '15K', '20K', 'Media', '30K', '35K']","{'str': ['Meta', 'Salida', '5K']}"
issues_times_df,72a81045-fb27-43e6-a201-b1d42be42fac-Maratón,time,['int'],0,0,"[10565000, 3000, 1282142, 2413802, 3150652, 3564962, 3570000, 4753942, 5015702, 7202302]","{'int': [10565000, 3000, 1282142]}"
issues_times_df,72a81045-fb27-43e6-a201-b1d42be42fac-Maratón,event_std,['str'],0,0,['maraton'],{'str': ['maraton']}
issues_times_df,72a81045-fb27-43e6-a201-b1d42be42fac-Maratón,time_td,['Timedelta'],0,0,"[Timedelta('0 days 02:56:05'), Timedelta('0 days 00:00:03'), Timedelta('0 days 00:21:22.142000'), Timedelta('0 days 00:40:13.802000'), Timedelta('0 days 00:52:30.652000'), Timedelta('0 days 00:59:24.962000'), Timedelta('0 days 00:59:30'), Timedelta('0 days 01:19:13.942000'), Timedelta('0 days 01:23:35.702000'), Timedelta('0 days 02:00:02.302000')]","{'Timedelta': [Timedelta('0 days 02:56:05'), Timedelta('0 days 00:00:03'), Timedelta('0 days 00:21:22.142000')]}"
issues_times_df,af5c5746-04e8-42ab-9610-b12f0d9125b1-Maratón,athlete_id,"['str', 'int']",0,0,"[200, '37b753f0-3319-5a4a-8d53-2523b7d666a6', '13ad1422-71af-5c7c-8cef-e32d268c6e1a', 576, 566, 735, 1065, 843, 3812, 806]","{'str': ['37b753f0-3319-5a4a-8d53-2523b7d666a6', '13ad1422-71af-5c7c-8cef-e32d268c6e1a', 'e5dff8c3-df97-5ba1-8ad1-70c1a736bc81'], 'int': [200, 576, 566]}"
issues_times_df,af5c5746-04e8-42ab-9610-b12f0d9125b1-Maratón,event_id,['str'],0,0,['Maratón'],{'str': ['Maratón']}
issues_times_df,af5c5746-04e8-42ab-9610-b12f0d9125b1-Maratón,issue_id,['str'],0,0,"['5fdb9f20-f20d-11ef-bb5c-bbb05237f114', 'f32e4520-f1c2-11ef-bc56-f1a68ca98d76', '0989d7e0-f20d-11ef-bb5c-bbb05237f114', 'da0f4d60-f20c-11ef-bb5c-bbb05237f114', '0981e8a0-f20d-11ef-bb5c-bbb05237f114', '1e6b4d60-f20d-11ef-bb5c-bbb05237f114', '46098570-f1d2-11ef-aa62-6ffeec3611b5', '511c4c90-f1d2-11ef-aa62-6ffeec3611b5', '5c2e2950-f1d2-11ef-aa62-6ffeec3611b5', '92174740-f1d2-11ef-aa62-6ffeec3611b5']","{'str': ['5fdb9f20-f20d-11ef-bb5c-bbb05237f114', 'f32e4520-f1c2-11ef-bc56-f1a68ca98d76', '0989d7e0-f20d-11ef-bb5c-bbb05237f114']}"
issues_times_df,af5c5746-04e8-42ab-9610-b12f0d9125b1-Maratón,race_id,['str'],0,0,['af5c5746-04e8-42ab-9610-b12f0d9125b1'],{'str': ['af5c5746-04e8-42ab-9610-b12f0d9125b1']}
issues_times_df,af5c5746-04e8-42ab-9610-b12f0d9125b1-Maratón,split,['str'],0,0,"['Salida', 'Media', '10K', '40K', '25K', '5K', '35K', '15K', '30K', 'Asics 2']","{'str': ['Salida', 'Media', '10K']}"
issues_times_df,af5c5746-04e8-42ab-9610-b12f0d9125b1-Maratón,time,['int'],0,0,"[10, 3791951, 80, 2060, 60, 2014337, 8037697, 8132046, 5292760, 1045052]","{'int': [10, 3791951, 80]}"
issues_times_df,af5c5746-04e8-42ab-9610-b12f0d9125b1-Maratón,event_std,['str'],0,0,['maraton'],{'str': ['maraton']}
issues_times_df,af5c5746-04e8-42ab-9610-b12f0d9125b1-Maratón,time_td,['Timedelta'],0,0,"[Timedelta('0 days 00:00:00.010000'), Timedelta('0 days 01:03:11.951000'), Timedelta('0 days 00:00:00.080000'), Timedelta('0 days 00:00:02.060000'), Timedelta('0 days 00:00:00.060000'), Timedelta('0 days 00:33:34.337000'), Timedelta('0 days 02:13:57.697000'), Timedelta('0 days 02:15:32.046000'), Timedelta('0 days 01:28:12.760000'), Timedelta('0 days 00:17:25.052000')]","{'Timedelta': [Timedelta('0 days 00:00:00.010000'), Timedelta('0 days 01:03:11.951000'), Timedelta('0 days 00:00:00.080000')]}"
