campo,tipo,ejemplo,cardinalidad,% missing,carreras,num_carreras
athlete_id,int,31,106899,0.0,"['b228b93e-2a15-4123-baf9-ca0915165c6a', '78a14be0-36cc-4ce4-bb5a-b81744a7390e', '01675eec-4b8b-4b92-80b7-5e22a1878f38', '49603c2f-1b2b-457f-b82e-fed8bded1d3d']",Todas
birthdate,Timestamp,1991-08-30 00:00:00,16776,0.08418689490669286,"['b228b93e-2a15-4123-baf9-ca0915165c6a', '78a14be0-36cc-4ce4-bb5a-b81744a7390e', '01675eec-4b8b-4b92-80b7-5e22a1878f38', '49603c2f-1b2b-457f-b82e-fed8bded1d3d']",Todas
club,str,ASOCIACION ATLETICA TORRIJOS,10850,59.138487442121516,"['b228b93e-2a15-4123-baf9-ca0915165c6a', '78a14be0-36cc-4ce4-bb5a-b81744a7390e', '01675eec-4b8b-4b92-80b7-5e22a1878f38', '49603c2f-1b2b-457f-b82e-fed8bded1d3d']",Todas
gender,str,male,3,0.03273934801926945,"['b228b93e-2a15-4123-baf9-ca0915165c6a', '78a14be0-36cc-4ce4-bb5a-b81744a7390e', '01675eec-4b8b-4b92-80b7-5e22a1878f38', '49603c2f-1b2b-457f-b82e-fed8bded1d3d']",Todas
name,str,Abdezaliz,15852,0.0,"['b228b93e-2a15-4123-baf9-ca0915165c6a', '78a14be0-36cc-4ce4-bb5a-b81744a7390e', '01675eec-4b8b-4b92-80b7-5e22a1878f38', '49603c2f-1b2b-457f-b82e-fed8bded1d3d']",Todas
nationality,str,es,311,21.386277536130212,"['b228b93e-2a15-4123-baf9-ca0915165c6a', '78a14be0-36cc-4ce4-bb5a-b81744a7390e', '01675eec-4b8b-4b92-80b7-5e22a1878f38', '49603c2f-1b2b-457f-b82e-fed8bded1d3d']",Todas
race_id,str,b228b93e-2a15-4123-baf9-ca0915165c6a,4,0.0,"['b228b93e-2a15-4123-baf9-ca0915165c6a', '78a14be0-36cc-4ce4-bb5a-b81744a7390e', '01675eec-4b8b-4b92-80b7-5e22a1878f38', '49603c2f-1b2b-457f-b82e-fed8bded1d3d']",Todas
surname,str,Merzougui,70088,0.0654786960385389,"['b228b93e-2a15-4123-baf9-ca0915165c6a', '78a14be0-36cc-4ce4-bb5a-b81744a7390e', '01675eec-4b8b-4b92-80b7-5e22a1878f38', '49603c2f-1b2b-457f-b82e-fed8bded1d3d']",Todas
